text,intent
jarvis run firefox quickly,action.open_app
hey jarvis define serendipity quickly,info.definition
can you top stories right now for me,info.news
ok jarvis draft an essay on climate change?,doc.write
ok jarvis visualize quantum computing in neon style please,media.image_generate
could you namaste,smalltalk.greeting
please find photos of nikola tesla for me,media.image_search
could you why is the sky blue?,info.factual
search the web for cricket,web.browse
could you what do you remember about me please,memory.recall
please start settings for me,action.open_app
ok jarvis open youtube app thanks,action.open_app
please what does the space shuttle look like now,media.image_search
hey jarvis is it going to rain in mumbai,info.weather
jarvis open wikipedia?,action.web_open
hey jarvis run this python snippet,task.code
hey jarvis what do you know about a blue whale,info.factual
send me pictures of tokyo for me,media.image_search
please i want details about dubai,info.factual
ok jarvis forget my favourite colour,memory.forget
please nice work now,smalltalk.thanks
ok jarvis who is srinivasa ramanujan show me his image quickly,media.image_search
please compute 23 * 47 for me,info.math
what was the space shuttle thanks,info.factual
jarvis history of the immune system thanks,info.factual
do i need an umbrella today for me,info.weather
what is water in hindi?,info.translate
jarvis meaning of algorithm for me,info.definition
i want to see the internet for me,media.image_search
please how do i use you,smalltalk.capabilities
can you find photos of virat kohli please,media.image_search
hey jarvis note that i live in pune quickly,memory.remember
could you what was monsoons please,info.factual
hey jarvis search the web for business quickly,web.browse
ok jarvis who is cristiano ronaldo now,info.factual
can you forecast for berlin please,info.weather
can you forecast for tokyo please,info.weather
hey jarvis browse to reddit.com quickly,action.web_open
explain blockchain for me,info.factual
ok jarvis show me images of kerala now,media.image_search
can you launch firefox?,action.open_app
can you what is 9 factorial now,info.math
could you jarvis you there?,smalltalk.greeting
please what do you know about solar panels please,info.factual
jarvis show me headlines about ai now,info.news
ok jarvis tell me more about elon musk now,info.factual
can you give me a quick overview of a formula 1 car now,info.factual
jarvis what is photosynthesis now,info.factual
could you launch spotify quickly,action.open_app
could you ai generate the internet?,media.image_generate
could you prioritize these tasks for me quickly,task.plan
could you remember that i live in pune?,memory.remember
hey jarvis screenshot this window for me,action.screenshot
read the text in this picture,vision.analyze
please any updates on world news now,info.news
hey jarvis take me to reddit,action.web_open
who made you quickly,smalltalk.identity
who invented the telephone thanks,info.factual
could you latest science news quickly,info.news
send me pictures of kerala please,media.image_search
hey jarvis help me with a regex for email validation for me,task.code
jarvis find a youtube video on business now,media.video_search
please good night quickly,smalltalk.bye
please give me a quick overview of a black hole thanks,info.factual
ok jarvis who wrote the mahabharata for me,info.factual
could you open linkedin quickly,action.web_open
could you can you open visual studio code thanks,action.open_app
could you get the content of this url for me,web.browse
jarvis visualize quantum computing in neon style thanks,media.image_generate
ok jarvis temperature in bangalore right now now,info.weather
please who is virat kohli show me his image quickly,media.image_search
hey jarvis show me headlines about science?,info.news
could you meaning of monsoon for me,info.definition
hey jarvis summarise a formula 1 car for me,info.factual
please what does the immune system look like thanks,media.image_search
who is marie curie show me his image quickly,media.image_search
please who were mahatma gandhi,info.factual
please what's the news today,info.news
please latest science news?,info.news
can you show me images of nuclear fusion,media.image_search
ok jarvis send me pictures of iceland?,media.image_search
i want to see the space shuttle for me,media.image_search
hey jarvis generate an image of a blue whale?,media.image_generate
please who were serena williams now,info.factual
can you what is water in japanese for me,info.translate
could you show me headlines about space now,info.news
could you i want to see blockchain?,media.image_search
hey jarvis what does isaac newton look like,media.image_search
find photos of frida kahlo,media.image_search
please capture my screen thanks,action.screenshot
search the web for cricket?,web.browse
what does cv raman look like now,media.image_search
jarvis what was a black hole now,info.factual
please read this pdf quickly,doc.read
could you summarise the internet for me thanks,info.factual
what does wikipedia say about goa thanks,web.browse
ok jarvis open whatsapp please,action.open_app
hey jarvis translate good morning to german now,info.translate
can you show me python for fix this stack trace now,task.code
translate good morning to french for me,info.translate
hey jarvis draft meeting minutes from my notes,doc.write
ok jarvis compute 2^10 for me thanks,info.math
jarvis help now,smalltalk.capabilities
summarise dna for me now,info.factual
jarvis where do i live please,memory.recall
hey jarvis how do you say thank you in german for me,info.translate
ok jarvis what is nuclear fusion please,info.factual
can you make a wallpaper of dubai?,media.image_generate
could you temperature in bangalore right now,info.weather
can you note that my favourite colour is blue,memory.remember
could you what is 23 * 47 please,info.math
please create a picture of nuclear fusion please,media.image_generate
could you tell me the current time for me,info.time
forecast for delhi?,info.weather
ok jarvis define serendipity thanks,info.definition
ok jarvis thank you so much,smalltalk.thanks
hey jarvis translate good morning to tamil for me,info.translate
can you do i need an umbrella today quickly,info.weather
can you temperature in tokyo right now,info.weather
is it going to rain in berlin please,info.weather
can you draw a black hole,media.image_generate
ok jarvis search the web for cricket?,web.browse
jarvis why is the sky blue?,info.factual
jarvis convert 2000 inr to yen now,info.currency
what was the northern lights quickly,info.factual
jarvis open the camera app now,action.open_app
search the web for cricket thanks,web.browse
hey jarvis forecast for sydney,info.weather
screenshot this window?,action.screenshot
could you hey there for me,smalltalk.greeting
hey jarvis write meeting minutes from my notes thanks,doc.write
can you compute (45+55)/4 for me now,info.math
can you give me a quick overview of dubai?,info.factual
please run chrome for me,action.open_app
please tell me more about the immune system for me,info.factual
could you browse to github.com for me,action.web_open
hey jarvis open terminal for me,action.open_app
shutdown the computer now,action.system_control
could you browse to github.com thanks,action.web_open
please i want details about mount everest for me,info.factual
hey jarvis make a wallpaper of kerala?,media.image_generate
open spotify please,action.open_app
ok jarvis note that i work as a backend developer quickly,memory.remember
hey jarvis make me an image of a futuristic city quickly,media.image_generate
can you who were serena williams for me,info.factual
how does the space shuttle work thanks,info.factual
how do a peacock work thanks,info.factual
could you start firefox for me?,action.open_app
hey jarvis open twitter now,action.web_open
could you get the content of this url please,web.browse
ok jarvis extract the text from this docx quickly,doc.read
hey jarvis find a youtube video on science now,media.video_search
can you nice work now,smalltalk.thanks
ok jarvis facts about cleopatra?,info.factual
please can you open chrome please,action.open_app
ok jarvis visualize gravity in neon style,media.image_generate
could you what are cherry blossoms now,info.factual
jarvis hey jarvis,smalltalk.greeting
could you show me headlines about world news?,info.news
give me a quick overview of dubai?,info.factual
hey jarvis show me what you can do,smalltalk.capabilities
could you weather in sydney quickly,info.weather
ok jarvis meaning of serendipity for me,info.definition
jarvis what was the internet?,info.factual
ok jarvis give me the dictionary meaning of algorithm for me,info.definition
jarvis can you open chrome?,action.open_app
ok jarvis compute 18 + 27 * 3 for me quickly,info.math
jarvis delete what you know about me quickly,memory.forget
good night quickly,smalltalk.bye
hey jarvis describe this photo please,vision.analyze
ok jarvis review my function,task.code
could you take me to wikipedia,action.web_open
hey jarvis read this pdf quickly,doc.read
are you jarvis for me,smalltalk.identity
could you increase the volume now,action.system_control
jarvis don't forget that my birthday is on 3rd april?,memory.remember
show me python for reverse a linked list in python for me,task.code
please i want details about dubai for me,info.factual
jarvis find a youtube video on world news?,media.video_search
hey jarvis give me information on the northern lights,info.factual
please any updates on science,info.news
can you i want to see blockchain for me,media.image_search
ok jarvis save this: i live in pune please,memory.remember
hey jarvis draft an email to my boss about leave?,email.draft
could you tell me more about frida kahlo?,info.factual
hey jarvis help me with reverse a linked list in python,task.code
please keep in mind i prefer dark mode please,memory.remember
ok jarvis explain a red panda to me thanks,info.factual
can you image of nelson mandela,media.image_search
please send me pictures of tokyo quickly,media.image_search
jarvis design a logo for my startup?,media.image_generate
note that i live in pune quickly,memory.remember
hey jarvis start whatsapp for me please,action.open_app
could you give me the dictionary meaning of entropy please,info.definition
jarvis what is in this image quickly,vision.analyze
can you weather in berlin now,info.weather
what is 120 / 8 - 5 thanks,info.math
please give me information on earthquakes now,info.factual
jarvis what can you do for me,smalltalk.capabilities
ok jarvis take me to reddit,action.web_open
ok jarvis translate good morning to french for me,info.translate
please summarise a black hole for me,info.factual
please get me a gallery of goa thanks,media.image_search
could you what does algorithm mean now,info.definition
jarvis how do the space shuttle work quickly,info.factual
could you any updates on business,info.news
could you what does photosynthesis mean?,info.definition
facts about cristiano ronaldo?,info.factual
hey jarvis show me python for fix this stack trace quickly,task.code
can you go through this report and tell me the key points quickly,doc.read
hey jarvis tell me about ratan tata thanks,info.factual
please what is 23 * 47 for me,info.math
jarvis take me to youtube thanks,action.web_open
can you show me python for reverse a linked list in python for me,task.code
translate good morning to tamil?,info.translate
hey jarvis open wikipedia,action.web_open
jarvis give me a quick overview of a formula 1 car now,info.factual
hey jarvis show me a picture of iceland quickly,media.image_search
what does entropy mean for me,info.definition
can you how does a black hole work now,info.factual
write an essay on climate change thanks,doc.write
hey jarvis give me the dictionary meaning of entropy,info.definition
ok jarvis find a youtube video on science thanks,media.video_search
can you show me a tutorial for why my for loop is off by one for me,media.video_search
hey jarvis show me a picture of iceland please,media.image_search
ok jarvis get me a gallery of the eiffel tower?,media.image_search
summarise vaccines for me?,info.factual
ok jarvis what does serendipity mean?,info.definition
ok jarvis define serendipity quickly,info.definition
please definition of the word quantum,info.definition
can you history of blockchain thanks,info.factual
hey jarvis can you do tasks for me quickly,smalltalk.capabilities
ok jarvis are you jarvis,smalltalk.identity
hey jarvis talk to you tomorrow please,smalltalk.bye
could you i want to see goa,media.image_search
ok jarvis save this: i live in pune?,memory.remember
exchange rate for gbp to inr now,info.currency
jarvis what does this file say for me,doc.read
please open gmail in the browser please,action.web_open
summarise a black hole for me for me,info.factual
ok jarvis look up leonardo da vinci online thanks,web.browse
ok jarvis what is 15% of 2400?,info.math
please visualize photosynthesis in neon style thanks,media.image_generate
tell me more about frida kahlo quickly,info.factual
hey jarvis visualize a mechanical keyboard in neon style?,media.image_generate
could you explain the space shuttle to me,info.factual
please launch settings quickly,action.open_app
jarvis who wrote the mahabharata please,info.factual
could you show me a tutorial for fix this stack trace,media.video_search
ok jarvis explain a blue whale,info.factual
could you what can you do for me,smalltalk.capabilities
ok jarvis translate this sentence into spanish?,info.translate
jarvis play a video about world news please,media.video_search
can you image of the grand canyon please,media.image_search
can you what does wikipedia say about rosalind franklin quickly,web.browse
ok jarvis solve 120 / 8 - 5 now,info.math
hey jarvis temperature in sydney right now?,info.weather
hey jarvis break this project into steps?,task.plan
can you what does wikipedia say about kerala now,web.browse
jarvis help me with a fastapi endpoint for uploads,task.code
ok jarvis make a word document about renewable energy,doc.write
jarvis definition of the word quantum please,info.definition
browse to stack overflow.com?,action.web_open
hey jarvis brief me on today's headlines,info.news
can you what was monsoons now,info.factual
can you what is 9 factorial please,info.math
can you explain a red panda thanks,info.factual
can you draw quantum computing now,media.image_generate
can you draft a report about renewable energy,doc.write
ok jarvis who were cristiano ronaldo please,info.factual
what is in this image quickly,vision.analyze
tell me more about elon musk now,info.factual
jarvis what is 18 + 27 * 3 now,info.math
please don't forget that i am allergic to peanuts now,memory.remember
could you what are cherry blossoms please,info.factual
please can you open camera quickly,action.open_app
could you write code to why my for loop is off by one now,task.code
could you what does this screenshot show please,vision.analyze
please show me a tutorial for reverse a linked list in python thanks,media.video_search
could you what was the internet,info.factual
ok jarvis define serendipity now,info.definition
can you paint a black hole as digital art for me,media.image_generate
can you talk to you tomorrow please,smalltalk.bye
jarvis give me a quick overview of monsoons please,info.factual
play a video about world news please,media.video_search
jarvis debug a python script to rename files quickly,task.code
ok jarvis create a pdf with an essay on climate change for me,doc.write
hey jarvis do i need an umbrella today quickly,info.weather
hey jarvis draw the northern lights thanks,media.image_generate
hey jarvis make a wallpaper of goa now,media.image_generate
can you definition of the word serendipity quickly,info.definition
could you what did i tell you earlier?,memory.recall
could you write code to unit tests for my parser,task.code
jarvis turn off wifi quickly,action.system_control
please what does the space shuttle look like thanks,media.image_search
please i want to see blockchain?,media.image_search
can you give me information on kerala now,info.factual
ok jarvis latest science news now,info.news
goodbye jarvis please,smalltalk.bye
ok jarvis why is elon musk important,info.factual
please what is 15% of 2400 quickly,info.math
could you search the web for science please,web.browse
show me python for a regex for email validation now,task.code
ok jarvis summarise a black hole for me?,info.factual
can you any updates on ai for me,info.news
jarvis tell me more about frida kahlo now,info.factual
could you play a video about ai for me,media.video_search
could you what's the weather?,info.weather
could you is it going to rain in sydney now,info.weather
please forecast for tokyo,info.weather
please talk to you tomorrow please,smalltalk.bye
hey jarvis who is katherine johnson now,info.factual
hey jarvis help me with fix this stack trace quickly,task.code
start settings for me now,action.open_app
hey jarvis give me information on iceland now,info.factual
hey jarvis create a picture of monsoons,media.image_generate
goodbye jarvis now,smalltalk.bye
could you ai generate photosynthesis,media.image_generate
who was steve jobs quickly,info.factual
hey jarvis how do machine learning work for me,info.factual
jarvis what does wikipedia say about cv raman quickly,web.browse
jarvis remove that memory for me,memory.forget
run whatsapp thanks,action.open_app
please (45+55)/4 equals what,info.math
hey jarvis open twitter in the browser thanks,action.web_open
can you nice work?,smalltalk.thanks
hey jarvis i want details about tokyo now,info.factual
ok jarvis definition of the word recursion now,info.definition
could you temperature in bangalore right now quickly,info.weather
jarvis temperature in delhi right now?,info.weather
thanks quickly,smalltalk.thanks
jarvis write a resume for a data analyst quickly,doc.write
can you play a video about ai quickly,media.video_search
ok jarvis write a mail to the client,email.draft
hey jarvis keep in mind i live in pune thanks,memory.remember
start whatsapp for me please,action.open_app
could you define algorithm,info.definition
hey jarvis what is the space shuttle for me,info.factual
please latest science news now,info.news
can you ai generate a blue whale for me,media.image_generate
could you write meeting minutes from my notes please,doc.write
hey jarvis compute 23 * 47 for me please,info.math
please give me a quick overview of dna now,info.factual
how hot is it in bangalore please,info.weather
ok jarvis latest science news quickly,info.news
jarvis is it going to rain in tokyo quickly,info.weather
please create a picture of machine learning for me,media.image_generate
please launch camera?,action.open_app
can you tell me about ratan tata thanks,info.factual
please go to gmail thanks,action.web_open
please open reddit quickly,action.web_open
can you tell me about alan turing?,info.factual
forecast for sydney please,info.weather
jarvis definition of the word serendipity,info.definition
could you who is ibn sina quickly,info.factual
hey jarvis scan this receipt thanks,vision.analyze
hey jarvis any updates on sports?,info.news
hello are you online quickly,smalltalk.greeting
please summarise the space shuttle for me?,info.factual
get me a gallery of paris thanks,media.image_search
jarvis find a youtube video on cricket please,media.video_search
can you latest ai news quickly,info.news
could you wake up jarvis thanks,smalltalk.greeting
visualize a mechanical keyboard in neon style for me,media.image_generate
where is kerala?,info.factual
could you look up ibn sina online for me,web.browse
i want details about dubai,info.factual
hey jarvis start firefox for me?,action.open_app
jarvis write code to a python script to rename files for me,task.code
could you take me to youtube thanks,action.web_open
can you forget my favourite colour?,memory.forget
jarvis create a pdf with a report about renewable energy,doc.write
good morning,smalltalk.greeting
ok jarvis give me information on iceland now,info.factual
please draw the internet,media.image_generate
jarvis what is the space shuttle please,info.factual
where is leh ladakh?,info.factual
ok jarvis open github now,action.web_open
could you hi buddy?,smalltalk.greeting
i want to see the space shuttle,media.image_search
open github in the browser now,action.web_open
could you summarize the attached document quickly,doc.read
take a screenshot?,action.screenshot
jarvis how do you say thank you in japanese now,info.translate
hey jarvis open github in the browser thanks,action.web_open
could you who was nelson mandela thanks,info.factual
hey jarvis break this project into steps now,task.plan
hey jarvis how do a blue whale work thanks,info.factual
can you make a word document about renewable energy,doc.write
please how do a formula 1 car work for me,info.factual
hey jarvis look up ibn sina online quickly,web.browse
hey jarvis create a picture of machine learning for me,media.image_generate
what does isaac newton look like,media.image_search
hey jarvis open google please,action.web_open
hey jarvis capture my screen,action.screenshot
ok jarvis find a youtube video on science now,media.video_search
jarvis what does algorithm mean,info.definition
could you good evening jarvis please,smalltalk.greeting
jarvis you there please,smalltalk.greeting
hey jarvis any updates on sports thanks,info.news
jarvis give me the dictionary meaning of algorithm for me,info.definition
can you what is water in french now,info.translate
could you create a picture of a peacock thanks,media.image_generate
please are you an ai?,smalltalk.identity
ok jarvis can you open whatsapp,action.open_app
jarvis can you open visual studio code quickly,action.open_app
can you what are solar panels quickly,info.factual
jarvis find photos of kerala?,media.image_search
jarvis don't forget that i work as a backend developer now,memory.remember
help me organize a birthday party thanks,task.plan
please what is 18 + 27 * 3 now,info.math
please keep in mind my favourite colour is blue for me,memory.remember
hey jarvis how does a black hole work thanks,info.factual
jarvis browse to wikipedia.com quickly,action.web_open
jarvis good morning quickly,smalltalk.greeting
history of blockchain for me,info.factual
temperature in new york right now?,info.weather
ok jarvis what does wikipedia say about sachin tendulkar,web.browse
could you how hot is it in mumbai?,info.weather
how does the space shuttle work please,info.factual
can you that was helpful thanks now,smalltalk.thanks
ok jarvis give me a quick overview of a formula 1 car please,info.factual
look up leonardo da vinci online thanks,web.browse
can you what does wikipedia say about goa thanks,web.browse
can you what are solar panels?,info.factual
ok jarvis who wrote the mahabharata thanks,info.factual
can you image of nelson mandela quickly,media.image_search
forecast for sydney,info.weather
hey jarvis open gmail in the browser please,action.web_open
could you do you know my job?,memory.recall
please how does a black hole work now,info.factual
please ai generate the internet?,media.image_generate
please can you open visual studio code quickly,action.open_app
jarvis show me her picture quickly,media.image_search
jarvis what does cv raman look like?,media.image_search
hey jarvis summarise vaccines for me,info.factual
could you solve 9 factorial please,info.math
jarvis restart my pc thanks,action.system_control
please any updates on science quickly,info.news
please forecast for tokyo?,info.weather
hey jarvis remember that i am allergic to peanuts please,memory.remember
could you forecast for sydney,info.weather
jarvis why is confucius important thanks,info.factual
please compose an email requesting a meeting?,email.draft
hey jarvis what does this file say?,doc.read
ok jarvis show me python for why my for loop is off by one please,task.code
hey jarvis what is 9 factorial now,info.math
ok jarvis show me python for why my for loop is off by one?,task.code
jarvis temperature in bangalore right now,info.weather
open spotify now,action.open_app
can you show his photo now,media.image_search
please ai generate gravity for me,media.image_generate
could you play some music video,media.video_search
jarvis thanks now,smalltalk.thanks
can you create a pdf with a resume for a data analyst for me,doc.write
jarvis lock the screen please,action.system_control
jarvis find articles about science,web.browse
could you delete what you know about me,memory.forget
jarvis draw quantum computing now,media.image_generate
jarvis who is mary shelley please,info.factual
can you write code to fix this stack trace now,task.code
can you make a wallpaper of dubai,media.image_generate
could you generate an image of the taj mahal thanks,media.image_generate
ok jarvis hello,smalltalk.greeting
ok jarvis find photos of sachin tendulkar now,media.image_search
hey jarvis what is nuclear fusion for me,info.factual
ok jarvis show me headlines about technology,info.news
please search the web for science for me,web.browse
ok jarvis any updates on world news thanks,info.news
could you 9 factorial equals what quickly,info.math
jarvis show me what you can do quickly,smalltalk.capabilities
jarvis what do you know about shah rukh khan thanks,info.factual
jarvis explain a red panda,info.factual
jarvis keep in mind my birthday is on 3rd april quickly,memory.remember
jarvis browse to wikipedia.com for me,action.web_open
jarvis who is ibn sina quickly,info.factual
could you increase the volume please,action.system_control
please calculate sqrt(144) now,info.math
jarvis debug why my for loop is off by one now,task.code
can you show me a tutorial for a fastapi endpoint for uploads?,media.video_search
can you help me with unit tests for my parser quickly,task.code
jarvis forecast for bangalore?,info.weather
jarvis give me information on the taj mahal,info.factual
what do you know about nikola tesla now,info.factual
jarvis hi?,smalltalk.greeting
jarvis how does a mechanical keyboard work?,info.factual
hey jarvis who were frida kahlo please,info.factual
jarvis what model are you,smalltalk.identity
hey jarvis how do a peacock work now,info.factual
hey jarvis what commands do you support now,smalltalk.capabilities
please tell me more about the immune system thanks,info.factual
can you what do you know about solar panels please,info.factual
recall my preferences,memory.recall
please visualize a lamborghini in neon style thanks,media.image_generate
please how do you say thank you in arabic,info.translate
hey jarvis create a picture of solar panels now,media.image_generate
can you image of the taj mahal for me,media.image_search
please 23 * 47 equals what for me,info.math
ok jarvis what commands do you support?,smalltalk.capabilities
jarvis compute 2^10 for me?,info.math
can you open terminal?,action.open_app
jarvis how do you say thank you in french for me,info.translate
please open the visual studio code app thanks,action.open_app
please facts about cleopatra thanks,info.factual
browse to wikipedia.com quickly,action.web_open
can you open the google chrome app now,action.open_app
can you nice work,smalltalk.thanks
could you don't forget that i prefer dark mode now,memory.remember
ok jarvis what does isaac newton look like,media.image_search
start vs code for me thanks,action.open_app
please what do you know about nikola tesla for me,info.factual
could you visualize gravity in neon style please,media.image_generate
can you open wikipedia,action.web_open
could you forget my favourite colour for me,memory.forget
hey jarvis show me images of cherry blossoms now,media.image_search
please keep in mind i am allergic to peanuts now,memory.remember
jarvis how do the space shuttle work?,info.factual
hey jarvis what is water in german quickly,info.translate
jarvis start vs code for me quickly,action.open_app
could you note that i prefer dark mode thanks,memory.remember
jarvis what model are you quickly,smalltalk.identity
please run chrome,action.open_app
please show me a picture of cristiano ronaldo now,media.image_search
ok jarvis what do you know about the space shuttle for me,info.factual
search the web for ai,web.browse
could you can you open whatsapp thanks,action.open_app
ok jarvis write code to why my for loop is off by one thanks,task.code
please what are cherry blossoms please,info.factual
can you find articles about world news,web.browse
please write code to fix this stack trace now,task.code
ok jarvis take a screenshot?,action.screenshot
can you mute the sound please,action.system_control
hey jarvis 23 * 47 equals what for me,info.math
can you definition of the word serendipity thanks,info.definition
jarvis tell me more about ada lovelace?,info.factual
please create a task list for the website launch now,task.plan
please create a picture of the immune system please,media.image_generate
who is cristiano ronaldo for me,info.factual
paint solar panels as digital art thanks,media.image_generate
could you can you open spotify thanks,action.open_app
jarvis look up taylor swift online now,web.browse
please facts about cristiano ronaldo now,info.factual
ok jarvis paint a black hole as digital art quickly,media.image_generate
ok jarvis who is lionel messi show me his image please,media.image_search
could you give me the dictionary meaning of algorithm,info.definition
please any updates on world news?,info.news
please open youtube app for me,action.open_app
could you keep in mind i prefer dark mode?,memory.remember
could you find a youtube video on business quickly,media.video_search
jarvis remember that my favourite colour is blue?,memory.remember
jarvis translate this sentence into arabic?,info.translate
ok jarvis solve 120 / 8 - 5,info.math
can you what did i tell you earlier,memory.recall
can you define quantum please,info.definition
hey jarvis convert 2000 inr to yen for me,info.currency
jarvis send me pictures of leh ladakh quickly,media.image_search
can you take me to wikipedia,action.web_open
jarvis open wikipedia please,action.web_open
could you look up ibn sina online please,web.browse
yo,smalltalk.greeting
jarvis solve 15% of 2400 for me,info.math
jarvis definition of the word entropy thanks,info.definition
hey jarvis debug fix this stack trace thanks,task.code
could you don't forget that i am allergic to peanuts please,memory.remember
where is leh ladakh for me,info.factual
hey jarvis convert 2000 inr to yen now,info.currency
ok jarvis hello now,smalltalk.greeting
please lock the screen please,action.system_control
please how hot is it in delhi now,info.weather
ok jarvis what do you remember about me,memory.recall
jarvis save this: i live in pune please,memory.remember
could you don't forget that my favourite colour is blue thanks,memory.remember
could you go to twitter please,action.web_open
who were confucius for me,info.factual
please help me with reverse a linked list in python please,task.code
can you tell me about marie curie thanks,info.factual
show me a picture of cv raman for me,media.image_search
can you where is dubai please,info.factual
hey jarvis save this: i work as a backend developer please,memory.remember
ok jarvis good morning,smalltalk.greeting
please what does wikipedia say about rosalind franklin thanks,web.browse
ok jarvis erase my saved city quickly,memory.forget
can you image of the grand canyon now,media.image_search
hey jarvis who is lionel messi show me his image for me,media.image_search
hey jarvis give me the dictionary meaning of monsoon for me,info.definition
jarvis hi,smalltalk.greeting
hey jarvis open twitter in the browser for me,action.web_open
could you send me pictures of mount everest for me,media.image_search
can you weather in london quickly,info.weather
jarvis open reddit for me,action.web_open
ok jarvis launch settings quickly,action.open_app
hey jarvis draw the internet for me,media.image_generate
jarvis explain a red panda to me thanks,info.factual
hey jarvis write a report about renewable energy?,doc.write
jarvis who is ibn sina show me his image for me,media.image_search
ok jarvis ocr this image now,vision.analyze
please remember that i work as a backend developer now,memory.remember
can you how hot is it in delhi now,info.weather
hey jarvis read this pdf now,doc.read
jarvis paint a black hole as digital art?,media.image_generate
can you look up ibn sina online quickly,web.browse
ok jarvis draw a black hole please,media.image_generate
jarvis launch file explorer?,action.open_app
hey jarvis play a video about space quickly,media.video_search
please save this: i am allergic to peanuts?,memory.remember
show me headlines about technology?,info.news
play a video about technology thanks,media.video_search
hey jarvis 9 factorial equals what for me,info.math
take me to wikipedia,action.web_open
who was leonardo da vinci quickly,info.factual
jarvis what does elon musk look like,media.image_search
ok jarvis find articles about cricket?,web.browse
please open github now,action.web_open
can you is it going to rain in london?,info.weather
can you open terminal,action.open_app
can you paint a black hole as digital art quickly,media.image_generate
jarvis show me python for a regex for email validation now,task.code
can you image of leonardo da vinci quickly,media.image_search
jarvis any updates on business now,info.news
could you what does recursion mean,info.definition
please show me python for reverse a linked list in python?,task.code
jarvis i want to see the space shuttle now,media.image_search
jarvis you there?,smalltalk.greeting
appreciate it?,smalltalk.thanks
can you analyse the chart in this image please,vision.analyze
please keep in mind i live in pune now,memory.remember
ok jarvis run this python snippet for me,task.code
could you solve 9 factorial thanks,info.math
can you increase the volume now,action.system_control
please what does recursion mean,info.definition
hey jarvis erase my saved city?,memory.forget
jarvis open stack overflow in the browser,action.web_open
jarvis who is confucius,info.factual
could you show me what you can do quickly,smalltalk.capabilities
please who were serena williams for me,info.factual
show me images of the internet,media.image_search
jarvis is it going to rain in london please,info.weather
hey jarvis summarise dna for me now,info.factual
could you list your features,smalltalk.capabilities
ok jarvis search the web for sports now,web.browse
search the web for space?,web.browse
ok jarvis create a pdf with meeting minutes from my notes thanks,doc.write
please search the web for science thanks,web.browse
ai generate blockchain?,media.image_generate
hey jarvis facts about photosynthesis?,info.factual
facts about sachin tendulkar now,info.factual
ok jarvis extract the text from this docx?,doc.read
please don't forget that i work as a backend developer now,memory.remember
please open reddit for me,action.web_open
jarvis open twitter now,action.web_open
jarvis take a screenshot?,action.screenshot
jarvis generate an image of mount everest for me,media.image_generate
debug a python script to rename files for me,task.code
please give me information on kerala?,info.factual
what does wikipedia say about goa,web.browse
ok jarvis explain a blue whale for me,info.factual
what are the northern lights for me,info.factual
jarvis generate an image of the taj mahal,media.image_generate
can you solve 15% of 2400 for me,info.math
weather in sydney for me,info.weather
hey jarvis what day is it today now,info.time
ok jarvis facts about photosynthesis quickly,info.factual
show me a tutorial for why my for loop is off by one quickly,media.video_search
could you latest world news news thanks,info.news
could you hi buddy now,smalltalk.greeting
hey jarvis start firefox for me,action.open_app
please look up taylor swift online for me,web.browse
ok jarvis save this: my birthday is on 3rd april?,memory.remember
jarvis open the spotify app thanks,action.open_app
could you what are cherry blossoms?,info.factual
hey jarvis calculate (45+55)/4?,info.math
hey jarvis who was leonardo da vinci quickly,info.factual
can you save this: i work as a backend developer?,memory.remember
jarvis how do the northern lights work thanks,info.factual
could you what does this file say?,doc.read
can you any updates on sports quickly,info.news
hey jarvis definition of the word algorithm for me,info.definition
ok jarvis who is confucius please,info.factual
ok jarvis meaning of monsoon thanks,info.definition
please paint cherry blossoms as digital art for me,media.image_generate
hey jarvis translate this sentence into tamil please,info.translate
ok jarvis find photos of sachin tendulkar,media.image_search
jarvis show me python for unit tests for my parser please,task.code
ok jarvis give me the dictionary meaning of algorithm,info.definition
hey jarvis what does serendipity mean please,info.definition
ok jarvis translate this sentence into japanese,info.translate
can you who wrote the mahabharata for me,info.factual
hey jarvis create a picture of the immune system please,media.image_generate
please keep in mind i am allergic to peanuts,memory.remember
could you calculate sqrt(144) thanks,info.math
what's the time in tokyo thanks,info.time
show me a picture of cleopatra?,media.image_search
could you explain the immune system to me,info.factual
hey jarvis what does wikipedia say about kerala thanks,web.browse
hey jarvis open whatsapp quickly,action.open_app
hey jarvis go through this report and tell me the key points thanks,doc.read
can you draft meeting minutes from my notes?,doc.write
jarvis what was the internet please,info.factual
can you weather in bangalore thanks,info.weather
could you who was steve jobs quickly,info.factual
write code to fix this stack trace for me,task.code
show me headlines about world news please,info.news
can you top stories right now quickly,info.news
ok jarvis search the web for business for me,web.browse
could you how hot is it in sydney please,info.weather
please is it going to rain in london please,info.weather
could you translate good morning to hindi please,info.translate
please why is a black hole important,info.factual
hey jarvis what do you know about lionel messi,info.factual
please temperature in tokyo right now please,info.weather
hey jarvis what do you know about lionel messi now,info.factual
tell me more about elon musk,info.factual
explain the space shuttle thanks,info.factual
could you who is lionel messi show me his image please,media.image_search
can you go to gmail please,action.web_open
image of virat kohli quickly,media.image_search
facts about cristiano ronaldo for me,info.factual
please history of leh ladakh?,info.factual
jarvis get me a gallery of dubai thanks,media.image_search
could you compute 18 + 27 * 3 for me quickly,info.math
could you create a picture of solar panels now,media.image_generate
debug a python script to rename files quickly,task.code
could you explain a blue whale to me,info.factual
hey jarvis what is water in japanese now,info.translate
could you who was nelson mandela quickly,info.factual
please open vs code thanks,action.open_app
can you explain nuclear fusion quickly,info.factual
ok jarvis appreciate it,smalltalk.thanks
how do a blue whale work quickly,info.factual
ok jarvis help me with a regex for email validation for me,task.code
ok jarvis note that i am allergic to peanuts quickly,memory.remember
ok jarvis create a pdf with an essay on climate change quickly,doc.write
please how does the internet work for me,info.factual
jarvis good morning for me,smalltalk.greeting
can you send me pictures of leh ladakh now,media.image_search
could you go to linkedin for me,action.web_open
ok jarvis weather in bangalore thanks,info.weather
can you visualize photosynthesis in neon style,media.image_generate
jarvis give me a quick overview of monsoons thanks,info.factual
jarvis look up taylor swift online for me,web.browse
can you show me a tutorial for a python script to rename files quickly,media.video_search
ok jarvis debug a regex for email validation thanks,task.code
can you how does solar panels work?,info.factual
could you tell me the current time,info.time
ok jarvis open youtube in the browser now,action.web_open
can you find photos of frida kahlo?,media.image_search
please create a task list for the website launch quickly,task.plan
can you search the web for ai,web.browse
ok jarvis show me a picture of mount everest now,media.image_search
can you remember that i live in pune,memory.remember
send me pictures of iceland quickly,media.image_search
please where do i live please,memory.recall
ok jarvis paint solar panels as digital art now,media.image_generate
please open camera thanks,action.open_app
please take me to gmail for me,action.web_open
can you define quantum now,info.definition
could you summarise the internet for me for me,info.factual
can you open whatsapp,action.open_app
hey jarvis i want details about goa now,info.factual
could you who is elon musk show me his image please,media.image_search
what is 9 factorial?,info.math
jarvis translate this sentence into japanese quickly,info.translate
hey jarvis where is leh ladakh for me,info.factual
could you keep in mind i prefer dark mode please,memory.remember
ok jarvis can you open whatsapp?,action.open_app
jarvis open google please,action.web_open
ok jarvis convert 100 usd to inr thanks,info.currency
hey jarvis what is a formula 1 car?,info.factual
jarvis who were confucius,info.factual
send me pictures of kerala quickly,media.image_search
could you how do a formula 1 car work for me,info.factual
can you open the spotify app quickly,action.open_app
jarvis tell me more about nelson mandela?,info.factual
ok jarvis run visual studio code thanks,action.open_app
jarvis open github?,action.web_open
hey jarvis show me what you can do quickly,smalltalk.capabilities
ok jarvis what does isaac newton look like?,media.image_search
could you convert 100 usd to inr for me,info.currency
hey jarvis thank you so much now,smalltalk.thanks
can you lock the screen please,action.system_control
please give me information on paris quickly,info.factual
yo please,smalltalk.greeting
image of cv raman please,media.image_search
ok jarvis help now,smalltalk.capabilities
jarvis generate an image of goa thanks,media.image_generate
could you why is the immune system important for me,info.factual
can you how do the space shuttle work?,info.factual
could you can you open file explorer thanks,action.open_app
could you how do a peacock work thanks,info.factual
ok jarvis tell me more about elon musk,info.factual
could you calculate 23 * 47,info.math
jarvis where do i live for me,memory.recall
ok jarvis browse to linkedin.com now,action.web_open
what is water in french?,info.translate
ok jarvis translate good morning to arabic now,info.translate
hey jarvis give me a quick overview of a black hole thanks,info.factual
can you write code to reverse a linked list in python thanks,task.code
ok jarvis make a wallpaper of goa?,media.image_generate
jarvis where is the taj mahal quickly,info.factual
what does wikipedia say about cv raman quickly,web.browse
hey jarvis open the terminal app for me,action.open_app
could you what is vaccines now,info.factual
hey jarvis what is vaccines quickly,info.factual
please find articles about world news now,web.browse
hey jarvis show me python for a python script to rename files quickly,task.code
ok jarvis paint the northern lights as digital art please,media.image_generate
could you (45+55)/4 equals what,info.math
jarvis remove that memory,memory.forget
can you get me a gallery of the taj mahal for me,media.image_search
hey jarvis take me to youtube please,action.web_open
hey jarvis what are vaccines please,info.factual
ok jarvis tell me about yourself for me,smalltalk.identity
hey jarvis who made you thanks,smalltalk.identity
could you history of the immune system thanks,info.factual
hey jarvis who were confucius for me,info.factual
jarvis meaning of entropy,info.definition
take me to stack overflow thanks,action.web_open
could you paint monsoons as digital art now,media.image_generate
could you tell me more about nelson mandela quickly,info.factual
forecast for delhi,info.weather
jarvis i am logging off now,smalltalk.bye
ok jarvis forecast for delhi thanks,info.weather
please show me a tutorial for why my for loop is off by one quickly,media.video_search
can you take me to github now,action.web_open
ok jarvis give me a quick overview of a formula 1 car quickly,info.factual
could you ai generate quantum computing,media.image_generate
jarvis what's the news today,info.news
find articles about technology for me,web.browse
please start settings for me now,action.open_app
jarvis capture my screen thanks,action.screenshot
please are you an ai thanks,smalltalk.identity
jarvis draw a black hole quickly,media.image_generate
define entropy for me,info.definition
jarvis define photosynthesis thanks,info.definition
what time is it thanks,info.time
hey jarvis review my function now,task.code
can you bye now,smalltalk.bye
please summarise the internet for me thanks,info.factual
hey jarvis compute 23 * 47 for me,info.math
hey jarvis temperature in new york right now now,info.weather
play a video about technology,media.video_search
jarvis give me the dictionary meaning of quantum please,info.definition
image of leonardo da vinci please,media.image_search
could you image of the grand canyon now,media.image_search
please ai generate gravity,media.image_generate
jarvis open google in the browser,action.web_open
meaning of serendipity for me,info.definition
hey jarvis forecast for sydney please,info.weather
ok jarvis i want details about kerala thanks,info.factual
please what is 23 * 47 please,info.math
please paint the northern lights as digital art?,media.image_generate
ok jarvis open camera?,action.open_app
ok jarvis find photos of kerala?,media.image_search
can you what are your capabilities now,smalltalk.capabilities
hey jarvis calculate 120 / 8 - 5?,info.math
can you bye for me,smalltalk.bye
hey jarvis translate this sentence into tamil thanks,info.translate
hey jarvis start google chrome for me for me,action.open_app
jarvis what do you know about the space shuttle now,info.factual
could you when did india gain independence thanks,info.factual
jarvis translate good morning to hindi?,info.translate
please write code to reverse a linked list in python for me,task.code
ok jarvis what are cherry blossoms now,info.factual
jarvis run vs code,action.open_app
could you send me pictures of kerala please,media.image_search
tell me about alan turing quickly,info.factual
ok jarvis what does photosynthesis mean?,info.definition
ok jarvis don't forget that i prefer dark mode now,memory.remember
ok jarvis write code to a fastapi endpoint for uploads now,task.code
jarvis what's the news today?,info.news
visualize a black hole in neon style please,media.image_generate
what day is it today?,info.time
please help me with reverse a linked list in python,task.code
could you 9 factorial equals what thanks,info.math
hey jarvis tell me more about ratan tata?,info.factual
please give me the dictionary meaning of serendipity for me,info.definition
could you show me images of a mechanical keyboard?,media.image_search
jarvis where is the taj mahal please,info.factual
explain nuclear fusion quickly,info.factual
ok jarvis where is goa thanks,info.factual
please definition of the word quantum please,info.definition
jarvis i am logging off?,smalltalk.bye
can you paint monsoons as digital art now,media.image_generate
jarvis ai generate a blue whale please,media.image_generate
hey jarvis meaning of serendipity for me,info.definition
jarvis forecast for delhi,info.weather
ok jarvis generate an image of a blue whale please,media.image_generate
what was the internet,info.factual
generate an image of the northern lights for me,media.image_generate
please tell me about cv raman thanks,info.factual
tell me about yourself?,smalltalk.identity
can you is it going to rain in sydney now,info.weather
can you i want to see solar panels,media.image_search
jarvis what do you know about the space shuttle for me,info.factual
can you are you an ai for me,smalltalk.identity
please keep in mind my favourite colour is blue now,memory.remember
can you that was helpful thanks quickly,smalltalk.thanks
could you weather in london for me,info.weather
compute (45+55)/4 for me?,info.math
note that i am allergic to peanuts?,memory.remember
can you open google in the browser,action.web_open
could you how do machine learning work for me,info.factual
jarvis good night for me,smalltalk.bye
can you start settings for me now,action.open_app
hey jarvis any updates on business now,info.news
thanks a lot jarvis now,smalltalk.thanks
jarvis is it going to rain in london?,info.weather
hey jarvis restart my pc thanks,action.system_control
ok jarvis give me information on the taj mahal for me,info.factual
please increase the volume?,action.system_control
ok jarvis look up lata mangeshkar online for me,web.browse
grab a picture of the screen for me,action.screenshot
please great job for me,smalltalk.thanks
can you forget my favourite colour for me,memory.forget
ok jarvis what is the speed of light now,info.factual
please what are you quickly,smalltalk.identity
jarvis draw the northern lights quickly,media.image_generate
jarvis help me with a fastapi endpoint for uploads please,task.code
jarvis who were confucius please,info.factual
could you help me organize a birthday party quickly,task.plan
ok jarvis what does cv raman look like thanks,media.image_search
hello are you online now,smalltalk.greeting
could you what was the internet?,info.factual
can you image of the taj mahal quickly,media.image_search
hey jarvis draw the northern lights quickly,media.image_generate
can you draft meeting minutes from my notes thanks,doc.write
definition of the word quantum for me,info.definition
could you paint monsoons as digital art thanks,media.image_generate
give me information on paris?,info.factual
can you give me information on the northern lights for me,info.factual
hey jarvis what is water in german for me,info.translate
could you explain nuclear fusion please,info.factual
jarvis how do machine learning work for me,info.factual
look up taylor swift online now,web.browse
could you browse to wikipedia.com quickly,action.web_open
please create a pdf with a report about renewable energy thanks,doc.write
could you i need a study schedule for exams now,task.plan
can you is it going to rain in delhi?,info.weather
ok jarvis show me images of tokyo please,media.image_search
jarvis shutting down for today?,smalltalk.bye
can you debug unit tests for my parser thanks,task.code
paint solar panels as digital art?,media.image_generate
can you show me python for a python script to rename files,task.code
hey jarvis how hot is it in london please,info.weather
jarvis why is cherry blossoms important quickly,info.factual
jarvis generate an image of the taj mahal thanks,media.image_generate
how do the northern lights work thanks,info.factual
please who invented the telephone thanks,info.factual
can you keep in mind i work as a backend developer for me,memory.remember
please who was nelson mandela thanks,info.factual
ok jarvis weather in new york now,info.weather
please visualize photosynthesis in neon style,media.image_generate
who is marie curie show me his image thanks,media.image_search
can you meaning of algorithm now,info.definition
give me a quick overview of solar panels now,info.factual
could you make a wallpaper of iceland quickly,media.image_generate
jarvis history of leh ladakh?,info.factual
hey jarvis find photos of virat kohli quickly,media.image_search
hey jarvis find photos of homi bhabha?,media.image_search
jarvis show me her picture?,media.image_search
jarvis what is photosynthesis,info.factual
can you why is a black hole important thanks,info.factual
generate an image of goa please,media.image_generate
can you what do you know about the space shuttle quickly,info.factual
could you show me her picture?,media.image_search
could you look up nelson mandela online thanks,web.browse
ok jarvis how do you say thank you in tamil thanks,info.translate
please why is the immune system important?,info.factual
please i want to see blockchain,media.image_search
hey jarvis that was helpful thanks now,smalltalk.thanks
could you summarize the attached document thanks,doc.read
could you create a poster for a music festival now,media.image_generate
save this: my favourite colour is blue thanks,memory.remember
hey jarvis what was the northern lights for me,info.factual
can you look up ibn sina online please,web.browse
ok jarvis i want to see the internet?,media.image_search
can you open spotify?,action.open_app
draw quantum computing quickly,media.image_generate
debug unit tests for my parser thanks,task.code
jarvis what is 2^10 quickly,info.math
please image of virat kohli thanks,media.image_search
weather in bangalore please,info.weather
please open gmail in the browser thanks,action.web_open
jarvis (45+55)/4 equals what now,info.math
jarvis what is water in spanish?,info.translate
please open camera quickly,action.open_app
ok jarvis i want to see solar panels,media.image_search
please turn off wifi?,action.system_control
ok jarvis get me a gallery of paris thanks,media.image_search
can you tell me about cv raman thanks,info.factual
could you find a youtube video on science now,media.video_search
can you lock the screen?,action.system_control
jarvis solve (45+55)/4 now,info.math
could you visualize quantum computing in neon style,media.image_generate
ok jarvis define monsoon please,info.definition
please give me information on earthquakes?,info.factual
what is 9 factorial now,info.math
how does solar panels work?,info.factual
browse to stack overflow.com for me,action.web_open
hey jarvis what is the space shuttle please,info.factual
hey jarvis forecast for berlin for me,info.weather
why is cherry blossoms important now,info.factual
can you forecast for bangalore thanks,info.weather
can you show me images of tokyo,media.image_search
ok jarvis what do you know about solar panels thanks,info.factual
write code to unit tests for my parser?,task.code
can you what does this screenshot show thanks,vision.analyze
what is the space shuttle for me,info.factual
could you what does wikipedia say about cv raman quickly,web.browse
please show me a tutorial for a python script to rename files for me,media.video_search
can you what does wikipedia say about srinivasa ramanujan now,web.browse
what was a black hole now,info.factual
what does this screenshot show thanks,vision.analyze
can you yo,smalltalk.greeting
can you go through this report and tell me the key points thanks,doc.read
please what does wikipedia say about rosalind franklin now,web.browse
ok jarvis compute 18 + 27 * 3 for me?,info.math
ok jarvis definition of the word entropy thanks,info.definition
hey jarvis run youtube app thanks,action.open_app
ok jarvis good evening jarvis?,smalltalk.greeting
can you any updates on ai quickly,info.news
ok jarvis remember that i am allergic to peanuts?,memory.remember
could you calculate 15% of 2400,info.math
jarvis show me python for why my for loop is off by one please,task.code
jarvis explain the immune system to me,info.factual
jarvis debug a regex for email validation thanks,task.code
ok jarvis give me a quick overview of dna,info.factual
please talk to you tomorrow,smalltalk.bye
jarvis what is water in french,info.translate
ok jarvis good morning for me,smalltalk.greeting
meaning of quantum please,info.definition
convert 100 usd to inr please,info.currency
please how many days until new year now,info.time
hey jarvis summarise dna for me quickly,info.factual
ok jarvis give me the dictionary meaning of serendipity for me,info.definition
please what's today's date?,info.time
could you who made you thanks,smalltalk.identity
jarvis look up cleopatra online?,web.browse
jarvis how does the internet work quickly,info.factual
facts about sachin tendulkar for me,info.factual
could you what is 23 * 47 thanks,info.math
please facts about cleopatra?,info.factual
ok jarvis what does photosynthesis mean for me,info.definition
ok jarvis i want to see solar panels please,media.image_search
please where do i live for me,memory.recall
jarvis any updates on science,info.news
jarvis shutdown the computer for me,action.system_control
hey jarvis open whatsapp please,action.open_app
can you i want details about tokyo now,info.factual
please what is water in german?,info.translate
who was steve jobs thanks,info.factual
please take me to gmail quickly,action.web_open
jarvis show me images of the internet,media.image_search
please get the content of this url please,web.browse
ok jarvis create a picture of the immune system thanks,media.image_generate
can you create a task list for the website launch thanks,task.plan
jarvis note that my birthday is on 3rd april thanks,memory.remember
please who invented the telephone now,info.factual
can you shutting down for today,smalltalk.bye
could you summarise the internet for me now,info.factual
hey jarvis weather in new york now,info.weather
could you how does a peacock work quickly,info.factual
start settings for me,action.open_app
help now,smalltalk.capabilities
can you exchange rate for gbp to inr now,info.currency
jarvis translate good morning to hindi please,info.translate
please open this link and summarize it quickly,web.browse
hey jarvis open google quickly,action.web_open
please history of a lamborghini,info.factual
please open the spotify app?,action.open_app
hey jarvis show me python for why my for loop is off by one?,task.code
could you i want details about kerala for me,info.factual
where is the eiffel tower?,info.factual
hey jarvis shutdown the computer for me,action.system_control
could you what does algorithm mean,info.definition
please translate this sentence into tamil please,info.translate
ok jarvis find articles about sports quickly,web.browse
jarvis play a video about business quickly,media.video_search
could you can you open chrome?,action.open_app
jarvis brief me on today's headlines thanks,info.news
can you show me images of tokyo please,media.image_search
ok jarvis send me pictures of paris now,media.image_search
hey jarvis solve 2^10 quickly,info.math
can you go to twitter,action.web_open
hey jarvis who is elon musk show me his image thanks,media.image_search
could you i want to see paris please,media.image_search
hey jarvis save this: i work as a backend developer,memory.remember
could you run whatsapp thanks,action.open_app
could you play a video about space?,media.video_search
could you what do you know about nikola tesla thanks,info.factual
can you make me an image of a futuristic city now,media.image_generate
could you give me the dictionary meaning of photosynthesis please,info.definition
could you what was the internet please,info.factual
could you play some music video quickly,media.video_search
could you make me an image of a futuristic city?,media.image_generate
ok jarvis tell me about alan turing quickly,info.factual
could you great job now,smalltalk.thanks
hey jarvis what is 9 factorial please,info.math
can you show me a tutorial for reverse a linked list in python please,media.video_search
hey jarvis give me information on the taj mahal for me,info.factual
could you temperature in delhi right now quickly,info.weather
extract the text from this docx quickly,doc.read
paint the northern lights as digital art?,media.image_generate
jarvis tell me more about nelson mandela quickly,info.factual
jarvis describe this photo please,vision.analyze
ok jarvis generate an image of mount everest please,media.image_generate
draft a resume for a data analyst,doc.write
can you temperature in tokyo right now please,info.weather
ok jarvis how hot is it in mumbai,info.weather
jarvis give me information on the northern lights for me,info.factual
could you namaste thanks,smalltalk.greeting
could you how do a formula 1 car work now,info.factual
write code to a fastapi endpoint for uploads,task.code
break this project into steps?,task.plan
could you what does this screenshot show thanks,vision.analyze
jarvis calculate 120 / 8 - 5 please,info.math
jarvis explain earthquakes to me?,info.factual
hey jarvis what does wikipedia say about srinivasa ramanujan,web.browse
jarvis define entropy for me,info.definition
can you can you open file explorer please,action.open_app
jarvis i want details about kerala,info.factual
could you what is your name?,smalltalk.identity
can you open google in the browser now,action.web_open
jarvis write code to why my for loop is off by one quickly,task.code
can you why is the space shuttle important?,info.factual
hey jarvis take me to github?,action.web_open
could you (45+55)/4 equals what now,info.math
can you keep in mind i prefer dark mode quickly,memory.remember
can you explain nuclear fusion please,info.factual
could you how hot is it in tokyo?,info.weather
ok jarvis remember that my favourite colour is blue?,memory.remember
please visualize photosynthesis in neon style quickly,media.image_generate
hey jarvis image of the taj mahal quickly,media.image_search
please who is srinivasa ramanujan show me his image quickly,media.image_search
jarvis how does the internet work now,info.factual
please don't forget that i prefer dark mode now,memory.remember
ok jarvis compute 2^10 for me?,info.math
ok jarvis top stories right now now,info.news
create a picture of a peacock please,media.image_generate
please i want details about mount everest?,info.factual
jarvis tell me more about the immune system now,info.factual
ok jarvis summarise a formula 1 car for me now,info.factual
can you help me with a python script to rename files?,task.code
could you what does the immune system look like thanks,media.image_search
do you know my job?,memory.recall
can you weather in bangalore please,info.weather
hey jarvis visualize a mechanical keyboard in neon style for me,media.image_generate
could you show me headlines about cricket please,info.news
ok jarvis how do a formula 1 car work please,info.factual
can you what's the time in tokyo thanks,info.time
hey jarvis how do you say thank you in arabic,info.translate
jarvis create a picture of a peacock please,media.image_generate
send me pictures of iceland for me,media.image_search
please where is dubai quickly,info.factual
hey jarvis top stories right now now,info.news
hey jarvis summarise a formula 1 car for me now,info.factual
jarvis compute 2^10 for me thanks,info.math
can you show me a tutorial for a python script to rename files for me,media.video_search
please temperature in tokyo right now thanks,info.weather
can you definition of the word photosynthesis?,info.definition
could you remove that memory please,memory.forget
jarvis how much is 50 euro in dollars now,info.currency
could you show me a picture of cv raman for me,media.image_search
ok jarvis temperature in tokyo right now,info.weather
could you show me python for a regex for email validation thanks,task.code
jarvis i want to see the space shuttle for me,media.image_search
jarvis find articles about cricket for me,web.browse
can you search the web for business for me,web.browse
ok jarvis perfect thanks thanks,smalltalk.thanks
ok jarvis show me a tutorial for fix this stack trace,media.video_search
jarvis weather in tokyo quickly,info.weather
hey jarvis make a word document about renewable energy,doc.write
ok jarvis what is water in spanish please,info.translate
can you give me the dictionary meaning of photosynthesis please,info.definition
convert 100 usd to inr thanks,info.currency
jarvis generate an image of a blue whale please,media.image_generate
ok jarvis see you later for me,smalltalk.bye
jarvis history of the immune system,info.factual
jarvis take a screenshot now,action.screenshot
can you give me a quick overview of dubai for me,info.factual
i want details about dubai for me,info.factual
ok jarvis temperature in tokyo right now thanks,info.weather
what causes rainbows quickly,info.factual
could you sqrt(144) equals what thanks,info.math
could you help me organize a birthday party please,task.plan
can you note that i am allergic to peanuts quickly,memory.remember
can you who is ibn sina show me his image for me,media.image_search
ok jarvis can you open camera?,action.open_app
ok jarvis write code to a python script to rename files?,task.code
please compute (45+55)/4 for me now,info.math
open github in the browser thanks,action.web_open
open google in the browser now,action.web_open
could you browse to reddit.com please,action.web_open
please what is water in japanese?,info.translate
please help me with unit tests for my parser now,task.code
please open twitter now,action.web_open
jarvis tell me about dubai?,info.factual
what does serendipity mean please,info.definition
could you summarize the attached document?,doc.read
jarvis translate this sentence into arabic thanks,info.translate
jarvis remove that memory please,memory.forget
jarvis open reddit?,action.web_open
jarvis what does wikipedia say about cv raman for me,web.browse
could you latest world news news please,info.news
can you temperature in delhi right now?,info.weather
ok jarvis generate an image of mount everest?,media.image_generate
who made you thanks,smalltalk.identity
can you launch file explorer thanks,action.open_app
could you what is 2^10?,info.math
can you what was cherry blossoms now,info.factual
could you show me headlines about technology thanks,info.news
could you great job?,smalltalk.thanks
could you namaste quickly,smalltalk.greeting
could you create a pdf with an essay on climate change,doc.write
please what's the news today?,info.news
jarvis convert 2000 inr to yen thanks,info.currency
ok jarvis temperature in tokyo right now please,info.weather
hey jarvis save this: i work as a backend developer?,memory.remember
2^10 equals what please,info.math
can you show me python for a python script to rename files quickly,task.code
please open the visual studio code app?,action.open_app
ok jarvis latest cricket news,info.news
jarvis draw the internet for me,media.image_generate
could you keep in mind my favourite colour is blue,memory.remember
please run firefox for me,action.open_app
hey jarvis give me a quick overview of dna quickly,info.factual
please weather in tokyo please,info.weather
hey jarvis what's today's date thanks,info.time
hey jarvis write a report about renewable energy please,doc.write
generate an image of goa thanks,media.image_generate
please why is the sky blue?,info.factual
hey jarvis create a pdf with meeting minutes from my notes,doc.write
hey jarvis weather in sydney please,info.weather
hey jarvis save this: i am allergic to peanuts,memory.remember
please write code to unit tests for my parser,task.code
ok jarvis define quantum quickly,info.definition
jarvis what does recursion mean quickly,info.definition
ok jarvis definition of the word entropy for me,info.definition
please reply to this email politely?,email.draft
jarvis draft a report about renewable energy now,doc.write
please how hot is it in tokyo thanks,info.weather
jarvis explain a red panda thanks,info.factual
hey jarvis history of vaccines thanks,info.factual
can you history of paris for me,info.factual
ok jarvis draw nuclear fusion for me,media.image_generate
ok jarvis give me information on the taj mahal,info.factual
can you restart my pc thanks,action.system_control
create a poster for a music festival please,media.image_generate
can you solve (45+55)/4 please,info.math
please plan my week?,task.plan
please how many days until new year thanks,info.time
can you latest business news for me,info.news
can you keep in mind i work as a backend developer please,memory.remember
open google in the browser thanks,action.web_open
ok jarvis sqrt(144) equals what?,info.math
could you how do you say thank you in spanish now,info.translate
can you make a wallpaper of kerala?,media.image_generate
hey jarvis give me the dictionary meaning of monsoon?,info.definition
hey jarvis define monsoon for me,info.definition
jarvis ocr this image now,vision.analyze
please who are you thanks,smalltalk.identity
why is confucius important thanks,info.factual
hey jarvis 120 / 8 - 5 equals what thanks,info.math
hey jarvis compute 120 / 8 - 5 for me for me,info.math
hey jarvis who is srinivasa ramanujan show me his image quickly,media.image_search
can you help me with a python script to rename files please,task.code
please tell me about yourself,smalltalk.identity
can you solve (45+55)/4 for me,info.math
could you tell me more about nelson mandela thanks,info.factual
good morning quickly,smalltalk.greeting
jarvis can you open chrome please,action.open_app
play a video about space for me,media.video_search
can you what does wikipedia say about rosalind franklin now,web.browse
hey jarvis what is nuclear fusion please,info.factual
ok jarvis who is ibn sina,info.factual
can you 120 / 8 - 5 equals what thanks,info.math
please i want to see paris please,media.image_search
could you send me pictures of iceland for me,media.image_search
open the settings app please,action.open_app
what is photosynthesis thanks,info.factual
can you solve 15% of 2400 thanks,info.math
can you show me headlines about cricket?,info.news
can you who is serena williams for me,info.factual
ok jarvis draw a black hole quickly,media.image_generate
could you visualize a mechanical keyboard in neon style quickly,media.image_generate
ok jarvis what does elon musk look like for me,media.image_search
can you remember that i live in pune for me,memory.remember
don't forget that my birthday is on 3rd april?,memory.remember
can you who is virat kohli show me his image please,media.image_search
ok jarvis give me a quick overview of a black hole please,info.factual
jarvis translate good morning to french quickly,info.translate
could you get me a gallery of goa please,media.image_search
please get me a gallery of the taj mahal for me,media.image_search
please image of the taj mahal,media.image_search
ok jarvis generate an image of a blue whale?,media.image_generate
can you is it going to rain in tokyo,info.weather
ok jarvis show me a picture of cleopatra?,media.image_search
hey jarvis plan my week,task.plan
please compute (45+55)/4 for me?,info.math
can you show me a tutorial for reverse a linked list in python?,media.video_search
open this link and summarize it?,web.browse
could you start google chrome for me?,action.open_app
please write code to reverse a linked list in python thanks,task.code
debug unit tests for my parser now,task.code
jarvis who were mahatma gandhi for me,info.factual
show me a tutorial for a fastapi endpoint for uploads thanks,media.video_search
can you translate good morning to arabic now,info.translate
jarvis what is in this image,vision.analyze
take me to stack overflow please,action.web_open
ok jarvis how do you say thank you in japanese now,info.translate
please why is the sky blue,info.factual
can you what is water in japanese now,info.translate
jarvis find articles about sports quickly,web.browse
hey jarvis i need a study schedule for exams?,task.plan
ok jarvis how do you say thank you in tamil now,info.translate
please get me a gallery of the grand canyon thanks,media.image_search
weather in bangalore thanks,info.weather
can you why is a black hole important,info.factual
could you explain the space shuttle to me please,info.factual
please give me a quick overview of solar panels now,info.factual
hey jarvis play a video about cricket please,media.video_search
hey jarvis review my function quickly,task.code
please remember that my birthday is on 3rd april thanks,memory.remember
hey jarvis visualize a mechanical keyboard in neon style quickly,media.image_generate
explain the space shuttle please,info.factual
what does this screenshot show please,vision.analyze
jarvis tell me about dubai now,info.factual
hey jarvis translate good morning to german for me,info.translate
hey jarvis save this: i prefer dark mode,memory.remember
hey jarvis i want details about mount everest?,info.factual
show me headlines about cricket,info.news
could you how hot is it in tokyo thanks,info.weather
go to stack overflow for me,action.web_open
can you show me images of nuclear fusion please,media.image_search
ok jarvis find a youtube video on space,media.video_search
hey jarvis make a wallpaper of mount everest thanks,media.image_generate
could you generate an image of the taj mahal for me,media.image_generate
facts about virat kohli,info.factual
write code to reverse a linked list in python thanks,task.code
ok jarvis open youtube in the browser for me,action.web_open
hey jarvis note that i work as a backend developer please,memory.remember
please paint monsoons as digital art thanks,media.image_generate
hey jarvis how do machine learning work,info.factual
ok jarvis save this: i live in pune for me,memory.remember
could you keep in mind i am allergic to peanuts,memory.remember
could you hey jarvis?,smalltalk.greeting
nice work?,smalltalk.thanks
go to stack overflow?,action.web_open
jarvis forecast for delhi?,info.weather
jarvis show me python for unit tests for my parser quickly,task.code
ok jarvis find a youtube video on space for me,media.video_search
could you show me python for a python script to rename files quickly,task.code
jarvis write a report about renewable energy please,doc.write
could you compute 23 * 47 for me?,info.math
jarvis search the web for science for me,web.browse
hey jarvis run this python snippet?,task.code
can you ocr this image now,vision.analyze
could you find a youtube video on space,media.video_search
translate good morning to german now,info.translate
i want details about the grand canyon,info.factual
who were confucius please,info.factual
could you show me python for a regex for email validation now,task.code
can you note that i live in pune?,memory.remember
what does cv raman look like thanks,media.image_search
please give me a quick overview of dubai?,info.factual
can you show me a tutorial for a fastapi endpoint for uploads please,media.video_search
ok jarvis make a wallpaper of tokyo for me,media.image_generate
please remember that i work as a backend developer?,memory.remember
hey jarvis go to stack overflow?,action.web_open
jarvis draw a black hole,media.image_generate
can you keep in mind my favourite colour is blue,memory.remember
can you show me headlines about cricket,info.news
could you how many days until new year thanks,info.time
jarvis open twitter in the browser?,action.web_open
please where is the taj mahal please,info.factual
hey jarvis find photos of homi bhabha for me,media.image_search
please show me a picture of cristiano ronaldo,media.image_search
can you temperature in delhi right now for me,info.weather
hey jarvis visualize a black hole in neon style please,media.image_generate
what was the internet please,info.factual
please give me a quick overview of monsoons thanks,info.factual
hey jarvis prioritize these tasks for me now,task.plan
debug a python script to rename files thanks,task.code
can you what is 120 / 8 - 5 now,info.math
ok jarvis what does serendipity mean please,info.definition
hey jarvis find a youtube video on world news now,media.video_search
jarvis draft meeting minutes from my notes thanks,doc.write
meaning of photosynthesis quickly,info.definition
can you launch firefox quickly,action.open_app
explain monsoons for me,info.factual
please forecast for tokyo please,info.weather
ok jarvis what commands do you support now,smalltalk.capabilities
translate this sentence into hindi please,info.translate
could you can you do tasks for me quickly,smalltalk.capabilities
can you open the google chrome app for me,action.open_app
can you tell me about ratan tata quickly,info.factual
ok jarvis show me headlines about ai now,info.news
please show me images of a mechanical keyboard quickly,media.image_search
who was leonardo da vinci for me,info.factual
jarvis latest ai news quickly,info.news
ok jarvis top stories right now quickly,info.news
ok jarvis hello are you online quickly,smalltalk.greeting
show his photo?,media.image_search
please meaning of quantum?,info.definition
jarvis give me a quick overview of a formula 1 car please,info.factual
hey jarvis solve 2^10 thanks,info.math
jarvis what are you?,smalltalk.identity
please who is virat kohli show me his image for me,media.image_search
please explain a blue whale to me,info.factual
hey jarvis can you open file explorer please,action.open_app
summarise vaccines for me,info.factual
image of cv raman?,media.image_search
show me python for a regex for email validation thanks,task.code
hey jarvis search the web for space for me,web.browse
hey jarvis take me to youtube quickly,action.web_open
jarvis temperature in bangalore right now now,info.weather
hey jarvis calculate sqrt(144) quickly,info.math
what model are you now,smalltalk.identity
can you start settings for me,action.open_app
could you show me headlines about cricket,info.news
please get the content of this url for me,web.browse
please help me organize a birthday party quickly,task.plan
please calculate sqrt(144) thanks,info.math
hey jarvis forecast for berlin,info.weather
hey jarvis search the web for space?,web.browse
is it going to rain in tokyo quickly,info.weather
could you perfect thanks thanks,smalltalk.thanks
hey jarvis find photos of virat kohli please,media.image_search
jarvis translate good morning to arabic now,info.translate
please what do you know about nikola tesla thanks,info.factual
ok jarvis remember that i prefer dark mode now,memory.remember
jarvis delete what you know about me,memory.forget
could you what does machine learning look like quickly,media.image_search
hey jarvis forecast for london?,info.weather
please tell me about dubai thanks,info.factual
ok jarvis open whatsapp now,action.open_app
please what's the time in tokyo please,info.time
could you meaning of monsoon,info.definition
thanks now,smalltalk.thanks
is it going to rain in berlin?,info.weather
ok jarvis draw a black hole,media.image_generate
jarvis facts about sachin tendulkar for me,info.factual
who invented the telephone please,info.factual
please calculate sqrt(144) quickly,info.math
could you can you open file explorer quickly,action.open_app
please give me the dictionary meaning of serendipity please,info.definition
could you who is elon musk show me his image thanks,media.image_search
summarise vaccines for me quickly,info.factual
hey jarvis i want details about tokyo?,info.factual
write code to unit tests for my parser,task.code
jarvis play a video about world news now,media.video_search
hey jarvis who is katherine johnson for me,info.factual
forecast for bangalore thanks,info.weather
hey jarvis translate this sentence into tamil?,info.translate
jarvis compute 120 / 8 - 5 for me,info.math
hey jarvis what is my favourite colour please,memory.recall
jarvis ai generate gravity for me,media.image_generate
ok jarvis what does elon musk look like now,media.image_search
can you what does the space shuttle look like quickly,media.image_search
please how do i use you quickly,smalltalk.capabilities
get me a gallery of paris now,media.image_search
can you open stack overflow in the browser thanks,action.web_open
jarvis how does the internet work for me,info.factual
jarvis open the visual studio code app?,action.open_app
hey jarvis where is the eiffel tower for me,info.factual
ok jarvis translate good morning to spanish for me,info.translate
could you what does this file say for me,doc.read
ok jarvis debug reverse a linked list in python?,task.code
create a picture of a peacock thanks,media.image_generate
please tell me more about ada lovelace,info.factual
jarvis open linkedin thanks,action.web_open
can you take me to wikipedia?,action.web_open
convert 100 usd to inr for me,info.currency
can you don't forget that i am allergic to peanuts now,memory.remember
compute sqrt(144) for me thanks,info.math
please run chrome quickly,action.open_app
ok jarvis explain earthquakes to me?,info.factual
could you is it going to rain in sydney quickly,info.weather
can you take me to github thanks,action.web_open
can you keep in mind i am allergic to peanuts now,memory.remember
hey jarvis where is the eiffel tower now,info.factual
how does a peacock work for me,info.factual
can you search the web for cricket?,web.browse
translate this sentence into hindi?,info.translate
please play a video about technology now,media.video_search
can you brief me on today's headlines thanks,info.news
please don't forget that i prefer dark mode quickly,memory.remember
image of cv raman now,media.image_search
ok jarvis find a youtube video on science for me,media.video_search
can you bye please,smalltalk.bye
please open this link and summarize it please,web.browse
can you note that my favourite colour is blue for me,memory.remember
could you run vs code,action.open_app
could you translate good morning to hindi?,info.translate
ok jarvis find articles about sports please,web.browse
please search the web for ai?,web.browse
jarvis write a report about renewable energy?,doc.write
jarvis is it going to rain in berlin?,info.weather
ok jarvis paint solar panels as digital art?,media.image_generate
jarvis how hot is it in bangalore please,info.weather
jarvis what does this file say?,doc.read
can you what time is it now,info.time
ok jarvis what is water in hindi?,info.translate
who was nikola tesla please,info.factual
hey jarvis open camera quickly,action.open_app
can you show me images of the internet for me,media.image_search
hey jarvis give me information on iceland please,info.factual
ok jarvis run vs code,action.open_app
send me pictures of tokyo quickly,media.image_search
hey jarvis what is in this image quickly,vision.analyze
please show me headlines about ai now,info.news
can you save this: i prefer dark mode,memory.remember
jarvis show me images of cherry blossoms now,media.image_search
2^10 equals what?,info.math
could you go to google quickly,action.web_open
please definition of the word quantum for me,info.definition
hey jarvis how do machine learning work?,info.factual
jarvis (45+55)/4 equals what,info.math
explain a blue whale?,info.factual
can you i want to see paris quickly,media.image_search
please save this: my birthday is on 3rd april for me,memory.remember
jarvis create a picture of a peacock?,media.image_generate
hey jarvis show me python for why my for loop is off by one thanks,task.code
show me images of nuclear fusion please,media.image_search
hey jarvis give me information on earthquakes,info.factual
jarvis how do you say thank you in japanese for me,info.translate
can you draft an essay on climate change?,doc.write
ok jarvis definition of the word serendipity,info.definition
can you save this: i live in pune for me,memory.remember
jarvis capture my screen now,action.screenshot
ok jarvis summarise vaccines for me quickly,info.factual
hey jarvis ai generate a blue whale,media.image_generate
could you what is water in arabic,info.translate
please what do you know about solar panels quickly,info.factual
jarvis what are you now,smalltalk.identity
jarvis compute 120 / 8 - 5 for me please,info.math
could you start google chrome for me for me,action.open_app
ok jarvis show me a tutorial for fix this stack trace quickly,media.video_search
jarvis generate an image of mount everest please,media.image_generate
jarvis what does wikipedia say about srinivasa ramanujan now,web.browse
hey jarvis what is water in japanese?,info.translate
can you who is virat kohli show me his image for me,media.image_search
could you save this: i work as a backend developer please,memory.remember
hey jarvis tell me more about nelson mandela quickly,info.factual
jarvis what can you do now,smalltalk.capabilities
hey jarvis where is the taj mahal quickly,info.factual
could you show me her picture,media.image_search
please i want details about dubai quickly,info.factual
jarvis tell me about apj abdul kalam quickly,info.factual
could you calculate 15% of 2400 thanks,info.math
hey jarvis latest technology news for me,info.news
ok jarvis who is serena williams quickly,info.factual
can you i want details about tokyo for me,info.factual
can you reply to this email politely now,email.draft
jarvis explain a blue whale to me thanks,info.factual
ok jarvis explain cherry blossoms to me?,info.factual
hey jarvis help me with unit tests for my parser now,task.code
please open gmail in the browser for me,action.web_open
please latest science news quickly,info.news
could you search the web for science for me,web.browse
hey jarvis bye for me,smalltalk.bye
please what is water in arabic quickly,info.translate
can you i want to see paris?,media.image_search
could you go to twitter,action.web_open
ok jarvis forecast for berlin for me,info.weather
jarvis where is the taj mahal,info.factual
jarvis can you do tasks for me now,smalltalk.capabilities
please how much is 50 euro in dollars please,info.currency
hey jarvis solve 120 / 8 - 5 please,info.math
can you compose an email requesting a meeting now,email.draft
jarvis explain a red panda to me for me,info.factual
please generate an image of solar panels?,media.image_generate
can you take me to stack overflow thanks,action.web_open
hey jarvis who is elon musk show me his image please,media.image_search
hey jarvis read this pdf?,doc.read
could you show me python for a python script to rename files,task.code
jarvis give me information on the taj mahal for me,info.factual
ok jarvis who was nelson mandela thanks,info.factual
please latest world news news please,info.news
can you what are the northern lights quickly,info.factual
could you draft a resume for a data analyst?,doc.write
hey jarvis remember that i prefer dark mode quickly,memory.remember
can you what does the immune system look like please,media.image_search
ok jarvis tell me more about elon musk?,info.factual
jarvis define algorithm quickly,info.definition
please what is a red panda,info.factual
ok jarvis calculate 23 * 47 thanks,info.math
ok jarvis explain a red panda to me now,info.factual
start firefox for me?,action.open_app
can you generate an image of the northern lights?,media.image_generate
jarvis is it going to rain in london,info.weather
find photos of homi bhabha quickly,media.image_search
can you show me a picture of iceland quickly,media.image_search
ok jarvis do you know my job quickly,memory.recall
exchange rate for gbp to inr for me,info.currency
could you get the content of this url?,web.browse
ok jarvis take me to stack overflow please,action.web_open
can you exchange rate for gbp to inr for me,info.currency
jarvis meaning of entropy thanks,info.definition
jarvis any updates on cricket thanks,info.news
explain monsoons?,info.factual
could you prioritize these tasks for me now,task.plan
please what are you?,smalltalk.identity
could you show me python for unit tests for my parser,task.code
can you give me information on kerala quickly,info.factual
ok jarvis create a picture of the immune system please,media.image_generate
could you what do you remember about me,memory.recall
could you hello quickly,smalltalk.greeting
please image of nelson mandela,media.image_search
ok jarvis i want to see solar panels thanks,media.image_search
who invented the telephone now,info.factual
ok jarvis list your features,smalltalk.capabilities
ok jarvis translate good morning to spanish now,info.translate
hey jarvis solve (45+55)/4 please,info.math
please open camera?,action.open_app
show me a tutorial for a python script to rename files?,media.video_search
hey jarvis ai generate a blue whale for me,media.image_generate
could you debug a python script to rename files quickly,task.code
hey jarvis list your features?,smalltalk.capabilities
can you start google chrome for me please,action.open_app
jarvis what does wikipedia say about goa thanks,web.browse
find a youtube video on business now,media.video_search
could you create a picture of solar panels thanks,media.image_generate
please open reddit?,action.web_open
jarvis summarize the attached document?,doc.read
ok jarvis forecast for london thanks,info.weather
ok jarvis sqrt(144) equals what thanks,info.math
image of leonardo da vinci,media.image_search
could you hello now,smalltalk.greeting
hey jarvis what does machine learning look like now,media.image_search
ok jarvis paint solar panels as digital art thanks,media.image_generate
please define algorithm quickly,info.definition
can you show me a picture of iceland,media.image_search
jarvis meaning of photosynthesis quickly,info.definition
can you help me with fix this stack trace please,task.code
could you good evening jarvis quickly,smalltalk.greeting
could you calculate sqrt(144) now,info.math
can you search the web for business quickly,web.browse
can you find photos of nikola tesla now,media.image_search
weather in berlin quickly,info.weather
can you translate good morning to arabic for me,info.translate
can you read the text in this picture please,vision.analyze
show me headlines about cricket?,info.news
could you how hot is it in tokyo quickly,info.weather
what do you know about lionel messi thanks,info.factual
could you what did i tell you earlier quickly,memory.recall
ok jarvis who is cristiano ronaldo for me,info.factual
please show me python for reverse a linked list in python thanks,task.code
can you what is 9 factorial?,info.math
could you take me to wikipedia?,action.web_open
can you get the content of this url?,web.browse
forecast for sydney quickly,info.weather
please history of leh ladakh for me,info.factual
hey jarvis what are vaccines thanks,info.factual
hey jarvis debug fix this stack trace quickly,task.code
hey jarvis don't forget that i work as a backend developer quickly,memory.remember
ok jarvis who were cristiano ronaldo?,info.factual
please show me images of a mechanical keyboard,media.image_search
could you what do you remember about me?,memory.recall
hey jarvis help me with a regex for email validation quickly,task.code
hey jarvis make a wallpaper of goa?,media.image_generate
jarvis tell me more about ada lovelace,info.factual
jarvis why is the space shuttle important?,info.factual
hey jarvis what does this file say for me,doc.read
hey jarvis launch camera for me,action.open_app
hey jarvis 120 / 8 - 5 equals what,info.math
ok jarvis remember that my birthday is on 3rd april thanks,memory.remember
jarvis see you later thanks,smalltalk.bye
ok jarvis who is serena williams for me,info.factual
i want to see solar panels,media.image_search
could you help me with a fastapi endpoint for uploads please,task.code
please take me to gmail now,action.web_open
who were nelson mandela now,info.factual
jarvis translate this sentence into japanese for me,info.translate
can you ai generate blockchain thanks,media.image_generate
please tell me about dubai now,info.factual
can you don't forget that my birthday is on 3rd april?,memory.remember
ok jarvis make a wallpaper of mount everest quickly,media.image_generate
are you jarvis,smalltalk.identity
ok jarvis forecast for delhi?,info.weather
can you note that i am allergic to peanuts?,memory.remember
jarvis draft meeting minutes from my notes?,doc.write
ok jarvis find photos of frida kahlo,media.image_search
could you how do you say thank you in tamil now,info.translate
can you look up ibn sina online for me,web.browse
jarvis translate good morning to arabic for me,info.translate
can you open whatsapp thanks,action.open_app
ok jarvis what do you know about lionel messi now,info.factual
can you find photos of nikola tesla?,media.image_search
please how much is 50 euro in dollars?,info.currency
jarvis what are earthquakes for me,info.factual
jarvis what can you do please,smalltalk.capabilities
ok jarvis read this pdf quickly,doc.read
hey jarvis compute 120 / 8 - 5 for me please,info.math
please what is vaccines thanks,info.factual
could you thanks a lot jarvis thanks,smalltalk.thanks
hey jarvis give me a quick overview of a black hole please,info.factual
jarvis history of leh ladakh for me,info.factual
ok jarvis who is marie curie show me his image?,media.image_search
hey jarvis what are a red panda thanks,info.factual
write meeting minutes from my notes thanks,doc.write
weather in berlin?,info.weather
remember that i work as a backend developer?,memory.remember
jarvis what is water in arabic,info.translate
jarvis what's the news today please,info.news
hey jarvis show me python for unit tests for my parser,task.code
jarvis analyse the chart in this image thanks,vision.analyze
can you describe this photo for me,vision.analyze
please turn off wifi quickly,action.system_control
please translate this sentence into japanese,info.translate
can you run visual studio code please,action.open_app
hey jarvis open twitter thanks,action.web_open
please how does the space shuttle work please,info.factual
jarvis browse to linkedin.com please,action.web_open
any updates on ai quickly,info.news
could you make a wallpaper of kerala for me,media.image_generate
what model are you,smalltalk.identity
open the google chrome app now,action.open_app
could you how hot is it in sydney,info.weather
ok jarvis start notepad for me thanks,action.open_app
could you compute 120 / 8 - 5 for me for me,info.math
could you browse to stack overflow.com for me,action.web_open
can you what time is it?,info.time
ok jarvis look up lata mangeshkar online please,web.browse
could you any updates on business now,info.news
hey jarvis make a word document about renewable energy?,doc.write
hey jarvis who is ibn sina show me his image for me,media.image_search
jarvis plan my week,task.plan
write a resume for a data analyst for me,doc.write
please what is vaccines quickly,info.factual
go to gmail?,action.web_open
jarvis temperature in new york right now now,info.weather
hey jarvis tell me more about elon musk?,info.factual
ok jarvis i want to see the internet for me,media.image_search
could you go through this report and tell me the key points quickly,doc.read
hey jarvis give me a quick overview of a black hole for me,info.factual
jarvis tell me about marie curie,info.factual
ok jarvis give me the dictionary meaning of algorithm quickly,info.definition
jarvis describe this photo for me,vision.analyze
hey jarvis translate this sentence into hindi?,info.translate
could you browse to stack overflow.com now,action.web_open
could you how do you say thank you in spanish?,info.translate
please go to gmail please,action.web_open
ok jarvis run this python snippet?,task.code
can you go to twitter please,action.web_open
could you paint monsoons as digital art,media.image_generate
hey jarvis who is mary shelley please,info.factual
can you define monsoon for me,info.definition
jarvis run visual studio code now,action.open_app
please open the spotify app thanks,action.open_app
please get me a gallery of the grand canyon,media.image_search
can you top stories right now now,info.news
please create a picture of the immune system thanks,media.image_generate
could you who made you quickly,smalltalk.identity
what is my favourite colour now,memory.recall
hey jarvis history of a lamborghini now,info.factual
ok jarvis make a wallpaper of iceland quickly,media.image_generate
ok jarvis look up leonardo da vinci online please,web.browse
jarvis what is 18 + 27 * 3 please,info.math
hey jarvis what is in this image,vision.analyze
jarvis why is the space shuttle important for me,info.factual
draw quantum computing now,media.image_generate
please open the google chrome app,action.open_app
what is water in hindi now,info.translate
could you look up cleopatra online,web.browse
note that i am allergic to peanuts quickly,memory.remember
could you give me the dictionary meaning of algorithm for me,info.definition
can you show me a tutorial for reverse a linked list in python thanks,media.video_search
can you why is the space shuttle important quickly,info.factual
jarvis browse to wikipedia.com?,action.web_open
can you explain nuclear fusion?,info.factual
please ai generate quantum computing now,media.image_generate
could you hey there please,smalltalk.greeting
where is the eiffel tower for me,info.factual
hey jarvis draft a report about renewable energy please,doc.write
can you how does a black hole work thanks,info.factual
hey jarvis do i need an umbrella today for me,info.weather
could you what is water in arabic quickly,info.translate
jarvis give me the dictionary meaning of entropy?,info.definition
hey jarvis tell me about ratan tata quickly,info.factual
ok jarvis how do you say thank you in german now,info.translate
jarvis temperature in new york right now?,info.weather
could you show me images of tokyo please,media.image_search
jarvis can you open visual studio code for me,action.open_app
why is the immune system important?,info.factual
please compute 23 * 47 for me?,info.math
please show me a tutorial for a regex for email validation please,media.video_search
hey jarvis debug fix this stack trace now,task.code
jarvis who were mahatma gandhi,info.factual
please write code to a fastapi endpoint for uploads thanks,task.code
could you give me the dictionary meaning of algorithm quickly,info.definition
open the settings app now,action.open_app
please play a video about cricket please,media.video_search
please draft an essay on climate change?,doc.write
ok jarvis who is katherine johnson for me,info.factual
can you find articles about world news now,web.browse
meaning of photosynthesis please,info.definition
jarvis hi thanks,smalltalk.greeting
can you history of blockchain please,info.factual
could you who was nikola tesla?,info.factual
hey jarvis draft an email to my boss about leave please,email.draft
can you debug why my for loop is off by one now,task.code
could you find photos of nikola tesla now,media.image_search
please how do you say thank you in spanish?,info.translate
hey jarvis show me a picture of mount everest thanks,media.image_search
please wake up jarvis for me,smalltalk.greeting
keep in mind i work as a backend developer please,memory.remember
hey jarvis run chrome for me,action.open_app
show me images of the internet for me,media.image_search
jarvis send me pictures of leh ladakh now,media.image_search
please keep in mind my birthday is on 3rd april,memory.remember
ok jarvis explain a blue whale?,info.factual
hey jarvis do i need an umbrella today?,info.weather
can you temperature in mumbai right now?,info.weather
jarvis remember that my birthday is on 3rd april thanks,memory.remember
could you yo please,smalltalk.greeting
show me a picture of a mechanical keyboard quickly,media.image_search
hey jarvis i want details about dubai,info.factual
can you go through this report and tell me the key points now,doc.read
ok jarvis explain earthquakes to me,info.factual
can you design a logo for my startup quickly,media.image_generate
can you what does elon musk look like for me,media.image_search
hey jarvis draw the internet,media.image_generate
can you exchange rate for gbp to inr quickly,info.currency
jarvis give me information on the northern lights,info.factual
hey jarvis browse to stack overflow.com?,action.web_open
can you what does wikipedia say about kerala thanks,web.browse
jarvis good night now,smalltalk.bye
ok jarvis extract the text from this docx for me,doc.read
hey jarvis run chrome,action.open_app
what do you know about lionel messi,info.factual
please recall my preferences for me,memory.recall
please thanks a lot jarvis thanks,smalltalk.thanks
jarvis why is confucius important quickly,info.factual
jarvis give me information on earthquakes now,info.factual
jarvis who is ibn sina,info.factual
send me pictures of iceland?,media.image_search
what are the northern lights quickly,info.factual
can you what is 23 * 47 for me,info.math
ok jarvis send me pictures of paris?,media.image_search
ok jarvis compute sqrt(144) for me please,info.math
jarvis grab a picture of the screen thanks,action.screenshot
hey jarvis how do a peacock work thanks,info.factual
can you see you later thanks,smalltalk.bye
could you find articles about sports please,web.browse
can you ai generate gravity for me,media.image_generate
please launch spotify thanks,action.open_app
ok jarvis facts about photosynthesis please,info.factual
write code to reverse a linked list in python for me,task.code
jarvis open spotify now,action.open_app
show me images of a mechanical keyboard quickly,media.image_search
jarvis note that i work as a backend developer please,memory.remember
save this: my birthday is on 3rd april for me,memory.remember
could you launch spotify for me,action.open_app
ok jarvis summarize the attached document?,doc.read
hey jarvis brief me on today's headlines thanks,info.news
can you how hot is it in sydney quickly,info.weather
could you what's the weather,info.weather
please browse to twitter.com thanks,action.web_open
can you tell me about cv raman for me,info.factual
jarvis mute the sound?,action.system_control
ok jarvis forecast for london,info.weather
hey jarvis define monsoon thanks,info.definition
how do the northern lights work for me,info.factual
could you jarvis you there please,smalltalk.greeting
could you compute 18 + 27 * 3 for me?,info.math
could you open stack overflow in the browser?,action.web_open
ok jarvis solve 120 / 8 - 5 please,info.math
could you temperature in delhi right now for me,info.weather
jarvis ai generate the internet please,media.image_generate
could you compute 120 / 8 - 5 for me please,info.math
can you create a task list for the website launch now,task.plan
play a video about world news now,media.video_search
i want details about mount everest please,info.factual
jarvis why is cherry blossoms important,info.factual
can you draft an essay on climate change now,doc.write
ok jarvis what is nuclear fusion quickly,info.factual
could you translate this sentence into spanish now,info.translate
hey jarvis give me information on earthquakes now,info.factual
can you find photos of virat kohli quickly,media.image_search
please hi buddy now,smalltalk.greeting
jarvis temperature in new york right now,info.weather
jarvis save this: i live in pune for me,memory.remember
jarvis put the laptop to sleep?,action.system_control
note that i live in pune?,memory.remember
can you draft a report about renewable energy now,doc.write
could you ai generate photosynthesis please,media.image_generate
hey jarvis review my function,task.code
what time is it?,info.time
could you sqrt(144) equals what?,info.math
please 23 * 47 equals what please,info.math
could you write an essay on climate change,doc.write
can you how hot is it in sydney please,info.weather
can you analyse the chart in this image thanks,vision.analyze
open the terminal app for me,action.open_app
ok jarvis generate an image of goa thanks,media.image_generate
jarvis open github in the browser now,action.web_open
please get me a gallery of the taj mahal now,media.image_search
can you get me a gallery of the taj mahal,media.image_search
please thank you so much quickly,smalltalk.thanks
jarvis write an essay on climate change thanks,doc.write
ok jarvis what does cv raman look like?,media.image_search
ok jarvis translate this sentence into japanese for me,info.translate
calculate (45+55)/4?,info.math
please run this python snippet for me,task.code
could you run whatsapp,action.open_app
could you go to stack overflow,action.web_open
create a poster for a music festival now,media.image_generate
please summarise a black hole for me?,info.factual
translate this sentence into spanish thanks,info.translate
please draw the internet please,media.image_generate
hey jarvis what is the space shuttle now,info.factual
ok jarvis open github please,action.web_open
hey jarvis i want details about tokyo for me,info.factual
could you visualize a black hole in neon style please,media.image_generate
ok jarvis find a youtube video on space now,media.video_search
please who invented the telephone please,info.factual
hey jarvis start google chrome for me?,action.open_app
please start vs code for me thanks,action.open_app
please generate an image of the northern lights?,media.image_generate
please what is 15% of 2400 please,info.math
ok jarvis history of leh ladakh,info.factual
can you forecast for bangalore?,info.weather
ok jarvis show me a tutorial for fix this stack trace thanks,media.video_search
please show me a picture of mount everest thanks,media.image_search
show me a picture of cv raman now,media.image_search
could you find photos of sachin tendulkar,media.image_search
ok jarvis what is my favourite colour quickly,memory.recall
please history of the immune system,info.factual
hey jarvis show me a tutorial for fix this stack trace thanks,media.video_search
open youtube in the browser please,action.web_open
can you who were serena williams thanks,info.factual
could you show me headlines about space please,info.news
can you who is virat kohli show me his image quickly,media.image_search
could you explain a blue whale for me,info.factual
please explain blockchain for me,info.factual
can you don't forget that my birthday is on 3rd april now,memory.remember
ok jarvis show me a picture of cleopatra for me,media.image_search
please tell me more about the immune system now,info.factual
please define algorithm?,info.definition
please is it going to rain in london,info.weather
ok jarvis go to linkedin please,action.web_open
jarvis send me pictures of mount everest now,media.image_search
can you don't forget that my favourite colour is blue for me,memory.remember
could you who is ibn sina,info.factual
hey jarvis where is leh ladakh?,info.factual
ok jarvis show me headlines about world news please,info.news
could you what does machine learning look like now,media.image_search
what's today's date thanks,info.time
can you facts about the space shuttle for me,info.factual
jarvis screenshot this window now,action.screenshot
jarvis what is photosynthesis thanks,info.factual
hey jarvis open wikipedia please,action.web_open
could you look up cleopatra online?,web.browse
tell me more about frida kahlo?,info.factual
hey jarvis what was monsoons please,info.factual
can you forecast for berlin for me,info.weather
can you debug unit tests for my parser please,task.code
could you wake up jarvis now,smalltalk.greeting
please what is vaccines now,info.factual
prioritize these tasks for me,task.plan
can you how does a black hole work?,info.factual
can you what does elon musk look like now,media.image_search
could you start firefox for me,action.open_app
jarvis why is the sky blue now,info.factual
can you latest ai news for me,info.news
hey jarvis i need a study schedule for exams now,task.plan
what does wikipedia say about cv raman for me,web.browse
hey jarvis send me pictures of mount everest?,media.image_search
ok jarvis who is srinivasa ramanujan show me his image now,media.image_search
can you translate good morning to tamil for me,info.translate
please define algorithm,info.definition
can you define serendipity quickly,info.definition
can you note that i live in pune quickly,memory.remember
ok jarvis make a wallpaper of goa now,media.image_generate
hey jarvis look up cleopatra online now,web.browse
jarvis calculate 15% of 2400,info.math
can you what does the immune system look like thanks,media.image_search
what are a red panda please,info.factual
jarvis visualize gravity in neon style please,media.image_generate
jarvis who is confucius please,info.factual
please explain blockchain quickly,info.factual
how do you say thank you in spanish?,info.translate
ok jarvis do you know my job?,memory.recall
what can you do please,smalltalk.capabilities
please tell me the current time,info.time
could you keep in mind my favourite colour is blue now,memory.remember
hey jarvis who made you quickly,smalltalk.identity
can you solve 9 factorial?,info.math
can you forecast for bangalore,info.weather
please sqrt(144) equals what please,info.math
please give me the dictionary meaning of monsoon for me,info.definition
jarvis what does algorithm mean now,info.definition
could you how do a peacock work please,info.factual
hey jarvis facts about virat kohli now,info.factual
why is cherry blossoms important quickly,info.factual
good evening jarvis?,smalltalk.greeting
can you what did i tell you earlier quickly,memory.recall
can you definition of the word algorithm for me,info.definition
please give me a quick overview of monsoons?,info.factual
please what are you now,smalltalk.identity
could you meaning of quantum?,info.definition
give me the dictionary meaning of monsoon quickly,info.definition
could you hello are you online please,smalltalk.greeting
jarvis go to google quickly,action.web_open
solve 18 + 27 * 3 now,info.math
could you what does this screenshot show quickly,vision.analyze
ok jarvis any updates on world news?,info.news
please draw a mechanical keyboard quickly,media.image_generate
get me a gallery of dubai now,media.image_search
please find photos of nikola tesla?,media.image_search
please launch firefox now,action.open_app
hey jarvis bye now,smalltalk.bye
hey jarvis i want details about dubai for me,info.factual
ok jarvis history of a lamborghini please,info.factual
could you what does the immune system look like?,media.image_search
calculate 2^10,info.math
ok jarvis facts about virat kohli now,info.factual
please explain blockchain,info.factual
can you see you later?,smalltalk.bye
please how do a formula 1 car work please,info.factual
jarvis draw quantum computing quickly,media.image_generate
can you tell me about alan turing quickly,info.factual
can you temperature in sydney right now?,info.weather
could you give me information on kerala?,info.factual
can you take me to stack overflow now,action.web_open
what does isaac newton look like?,media.image_search
could you debug why my for loop is off by one quickly,task.code
jarvis temperature in delhi right now quickly,info.weather
jarvis draw a mechanical keyboard now,media.image_generate
do i need an umbrella today quickly,info.weather
jarvis open spotify please,action.open_app
jarvis why is cherry blossoms important now,info.factual
jarvis forecast for london?,info.weather
please what is 23 * 47 thanks,info.math
please help me with a regex for email validation quickly,task.code
ok jarvis send me pictures of iceland for me,media.image_search
how many days until new year now,info.time
run firefox for me,action.open_app
can you what day is it today now,info.time
could you show me headlines about technology,info.news
hey jarvis,smalltalk.greeting
jarvis latest ai news for me,info.news
can you what time is it thanks,info.time
please image of nelson mandela thanks,media.image_search
please image of nelson mandela quickly,media.image_search
nice work,smalltalk.thanks
please calculate (45+55)/4?,info.math
launch terminal,action.open_app
ok jarvis ai generate blockchain?,media.image_generate
jarvis search the web for sports for me,web.browse
please translate this sentence into japanese for me,info.translate
please show me images of nuclear fusion,media.image_search
temperature in mumbai right now,info.weather
hey jarvis start whatsapp for me,action.open_app
could you show me headlines about space thanks,info.news
please give me information on paris?,info.factual
ok jarvis find articles about ai,web.browse
hey jarvis note that my birthday is on 3rd april thanks,memory.remember
can you what is nuclear fusion please,info.factual
jarvis run whatsapp please,action.open_app
what was the space shuttle please,info.factual
jarvis what is water in arabic?,info.translate
could you what is water in arabic?,info.translate
ok jarvis create a picture of the immune system,media.image_generate
can you what does wikipedia say about goa,web.browse
hey jarvis latest business news thanks,info.news
jarvis save this: i am allergic to peanuts,memory.remember
please translate this sentence into tamil thanks,info.translate
ok jarvis what is a red panda now,info.factual
could you note that i prefer dark mode please,memory.remember
hey jarvis 23 * 47 equals what?,info.math
make a roadmap to learn machine learning now,task.plan
ok jarvis forecast for tokyo please,info.weather
hey jarvis show me python for fix this stack trace?,task.code
jarvis history of paris now,info.factual
who was homi bhabha now,info.factual
jarvis define algorithm?,info.definition
what are solar panels?,info.factual
jarvis define quantum please,info.definition
can you save this: i work as a backend developer please,memory.remember
ok jarvis draw nuclear fusion?,media.image_generate
please launch spotify for me,action.open_app
hey jarvis how do you say thank you in german?,info.translate
jarvis what are vaccines thanks,info.factual
could you definition of the word algorithm for me,info.definition
generate an image of the northern lights?,media.image_generate
jarvis translate good morning to arabic?,info.translate
ok jarvis what are earthquakes thanks,info.factual
hey jarvis restart my pc please,action.system_control
could you meaning of monsoon thanks,info.definition
ok jarvis show me headlines about ai please,info.news
please i want to see goa for me,media.image_search
hey jarvis help me with fix this stack trace please,task.code
please how do a blue whale work now,info.factual
please make a wallpaper of tokyo for me,media.image_generate
what was cherry blossoms now,info.factual
can you open spotify,action.open_app
jarvis what does photosynthesis mean?,info.definition
could you convert 2000 inr to yen for me,info.currency
can you remember that i work as a backend developer?,memory.remember
jarvis go to wikipedia,action.web_open
hey jarvis capture my screen thanks,action.screenshot
hey jarvis tell me more about ratan tata for me,info.factual
hey jarvis list your features,smalltalk.capabilities
jarvis note that my favourite colour is blue,memory.remember
hey jarvis open gmail in the browser thanks,action.web_open
hey jarvis who was steve jobs quickly,info.factual
hey jarvis give me information on the northern lights for me,info.factual
hey jarvis tell me more about ratan tata please,info.factual
please show me a tutorial for why my for loop is off by one for me,media.video_search
jarvis definition of the word serendipity quickly,info.definition
jarvis run chrome quickly,action.open_app
erase my saved city quickly,memory.forget
write code to a fastapi endpoint for uploads thanks,task.code
hey jarvis meaning of photosynthesis please,info.definition
can you i want details about tokyo?,info.factual
can you note that i live in pune now,memory.remember
jarvis what is 2^10?,info.math
please how does a mechanical keyboard work?,info.factual
jarvis temperature in bangalore right now quickly,info.weather
hey jarvis forecast for london,info.weather
jarvis why is the space shuttle important quickly,info.factual
could you tell me about apj abdul kalam for me,info.factual
hey jarvis how hot is it in london for me,info.weather
ok jarvis show me a picture of cv raman,media.image_search
jarvis play a video about business thanks,media.video_search
can you help me with fix this stack trace quickly,task.code
please get me a gallery of the grand canyon?,media.image_search
jarvis can you do tasks for me please,smalltalk.capabilities
ok jarvis help thanks,smalltalk.capabilities
jarvis how do you say thank you in german now,info.translate
could you draw the northern lights thanks,media.image_generate
please image of virat kohli quickly,media.image_search
could you write code to why my for loop is off by one quickly,task.code
hey jarvis latest technology news quickly,info.news
please how does a black hole work thanks,info.factual
ok jarvis namaste quickly,smalltalk.greeting
hey jarvis break this project into steps please,task.plan
could you can you open visual studio code quickly,action.open_app
could you how does a peacock work thanks,info.factual
could you translate this sentence into german,info.translate
can you don't forget that my birthday is on 3rd april quickly,memory.remember
could you explain a blue whale to me for me,info.factual
ok jarvis find a youtube video on world news now,media.video_search
ok jarvis i want to see the space shuttle now,media.image_search
hey jarvis make a wallpaper of goa please,media.image_generate
jarvis take me to reddit?,action.web_open
please open twitter thanks,action.web_open
please show me images of nuclear fusion?,media.image_search
write code to fix this stack trace now,task.code
please create a picture of nuclear fusion now,media.image_generate
could you can you open chrome,action.open_app
can you send me pictures of leh ladakh quickly,media.image_search
can you go to google,action.web_open
i want details about dubai quickly,info.factual
jarvis give me the dictionary meaning of quantum now,info.definition
ai generate blockchain quickly,media.image_generate
could you start google chrome for me please,action.open_app
ok jarvis who was nikola tesla?,info.factual
hey jarvis generate an image of a blue whale please,media.image_generate
can you is it going to rain in sydney?,info.weather
jarvis create a pdf with a report about renewable energy thanks,doc.write
ok jarvis what commands do you support,smalltalk.capabilities
jarvis image of cv raman please,media.image_search
please capture my screen,action.screenshot
jarvis open youtube app quickly,action.open_app
jarvis who were confucius for me,info.factual
can you go to twitter now,action.web_open
hey jarvis solve 9 factorial thanks,info.math
can you compose an email requesting a meeting quickly,email.draft
jarvis debug a regex for email validation?,task.code
jarvis who is cristiano ronaldo for me,info.factual
please plan my week please,task.plan
ok jarvis write code to why my for loop is off by one quickly,task.code
can you jarvis you there please,smalltalk.greeting
ok jarvis weather in berlin quickly,info.weather
please create a picture of monsoons,media.image_generate
can you paint a black hole as digital art?,media.image_generate
ok jarvis tell me about dubai thanks,info.factual
can you open the google chrome app,action.open_app
please send me pictures of paris now,media.image_search
could you calculate 23 * 47 now,info.math
could you how do the space shuttle work?,info.factual
jarvis what did i tell you earlier,memory.recall
ok jarvis appreciate it?,smalltalk.thanks
ok jarvis what are your capabilities thanks,smalltalk.capabilities
could you meaning of entropy,info.definition
please tell me the current time for me,info.time
jarvis who is mary shelley quickly,info.factual
can you write code to fix this stack trace for me,task.code
can you create a poster for a music festival please,media.image_generate
what is in this image,vision.analyze
could you definition of the word algorithm,info.definition
hey jarvis note that my birthday is on 3rd april now,memory.remember
can you show me a tutorial for a regex for email validation please,media.video_search
hey jarvis who were nelson mandela please,info.factual
can you summarise the space shuttle for me?,info.factual
ok jarvis what do you know about shah rukh khan thanks,info.factual
could you define algorithm?,info.definition
ok jarvis visualize gravity in neon style now,media.image_generate
please what's today's date thanks,info.time
ok jarvis what is 15% of 2400 quickly,info.math
can you can you open file explorer thanks,action.open_app
debug fix this stack trace quickly,task.code
could you start notepad for me quickly,action.open_app
don't forget that i live in pune?,memory.remember
hey jarvis what is 120 / 8 - 5 quickly,info.math
please is it going to rain in delhi please,info.weather
jarvis what time is it?,info.time
ok jarvis help me with a regex for email validation now,task.code
please any updates on cricket thanks,info.news
could you where is leh ladakh for me,info.factual
what are a red panda,info.factual
ok jarvis browse to linkedin.com quickly,action.web_open
could you translate good morning to german now,info.translate
can you what day is it today quickly,info.time
can you help me with fix this stack trace now,task.code
generate an image of mount everest please,media.image_generate
give me the dictionary meaning of photosynthesis?,info.definition
could you how do you say thank you in spanish please,info.translate
please how hot is it in sydney,info.weather
jarvis create a pdf with a report about renewable energy?,doc.write
can you is it going to rain in tokyo thanks,info.weather
remember that i work as a backend developer now,memory.remember
browse to wikipedia.com?,action.web_open
hey jarvis search the web for space now,web.browse
ok jarvis open twitter in the browser thanks,action.web_open
can you define monsoon please,info.definition
what is water in french,info.translate
could you summarise a formula 1 car for me now,info.factual
how much is 50 euro in dollars?,info.currency
hey jarvis how do a blue whale work now,info.factual
please tell me about yourself?,smalltalk.identity
could you look up ibn sina online quickly,web.browse
please tell me about apj abdul kalam for me,info.factual
could you i want to see goa thanks,media.image_search
please can you open camera?,action.open_app
please why is elon musk important for me,info.factual
can you what does elon musk look like,media.image_search
please remember that i work as a backend developer,memory.remember
please how does solar panels work thanks,info.factual
could you what can you do now,smalltalk.capabilities
jarvis see you later for me,smalltalk.bye
can you who is serena williams please,info.factual
could you are you an ai?,smalltalk.identity
hey jarvis show me her picture?,media.image_search
could you take me to wikipedia please,action.web_open
could you is it going to rain in delhi please,info.weather
could you put the laptop to sleep quickly,action.system_control
what does this screenshot show quickly,vision.analyze
ok jarvis search the web for space for me,web.browse
ok jarvis generate an image of a blue whale,media.image_generate
jarvis how do machine learning work?,info.factual
ok jarvis create a pdf with an essay on climate change,doc.write
please launch terminal,action.open_app
jarvis don't forget that i work as a backend developer quickly,memory.remember
hey jarvis look up lata mangeshkar online please,web.browse
hey jarvis who is lionel messi show me his image please,media.image_search
can you don't forget that my favourite colour is blue thanks,memory.remember
jarvis play a video about business,media.video_search
hey jarvis show me headlines about science quickly,info.news
ok jarvis erase my saved city,memory.forget
hey jarvis how do you say thank you in japanese for me,info.translate
can you any updates on sports thanks,info.news
can you draft meeting minutes from my notes,doc.write
hey there now,smalltalk.greeting
can you find photos of sachin tendulkar for me,media.image_search
please launch camera for me,action.open_app
hey jarvis play some music video,media.video_search
could you list your features for me,smalltalk.capabilities
hey jarvis find a youtube video on world news,media.video_search
could you weather in sydney please,info.weather
hey jarvis i want details about mount everest please,info.factual
can you latest ai news?,info.news
can you open spotify thanks,action.open_app
could you find photos of sachin tendulkar now,media.image_search
ok jarvis get me a gallery of the eiffel tower now,media.image_search
could you show me python for a python script to rename files please,task.code
start whatsapp for me now,action.open_app
can you take me to github?,action.web_open
ok jarvis what do you know about the space shuttle quickly,info.factual
ok jarvis show me headlines about ai?,info.news
jarvis find articles about technology for me,web.browse
please definition of the word photosynthesis?,info.definition
can you forget my favourite colour,memory.forget
jarvis restart my pc please,action.system_control
hey jarvis who made you,smalltalk.identity
can you browse to linkedin.com please,action.web_open
can you why is a black hole important quickly,info.factual
get me a gallery of dubai thanks,media.image_search
hey jarvis define serendipity thanks,info.definition
can you temperature in mumbai right now for me,info.weather
hey jarvis meaning of photosynthesis quickly,info.definition
can you don't forget that my favourite colour is blue quickly,memory.remember
hey jarvis open vs code,action.open_app
ai generate photosynthesis please,media.image_generate
could you help me with a fastapi endpoint for uploads,task.code
jarvis give me information on the taj mahal now,info.factual
could you explain the immune system to me thanks,info.factual
please draft an essay on climate change now,doc.write
can you open whatsapp?,action.open_app
hey jarvis what's the news today please,info.news
please tell me about dubai?,info.factual
jarvis where is goa?,info.factual
could you compute 2^10 for me thanks,info.math
ok jarvis good morning quickly,smalltalk.greeting
could you what does wikipedia say about cv raman for me,web.browse
ok jarvis translate good morning to french?,info.translate
ok jarvis meaning of serendipity?,info.definition
ok jarvis i want details about kerala,info.factual
can you delete what you know about me,memory.forget
can you explain cherry blossoms to me quickly,info.factual
could you calculate 23 * 47 thanks,info.math
jarvis what does wikipedia say about goa,web.browse
please open youtube app quickly,action.open_app
could you i want details about the grand canyon,info.factual
ok jarvis remember that my birthday is on 3rd april quickly,memory.remember
please any updates on sports quickly,info.news
hey jarvis tell me more about the immune system thanks,info.factual
jarvis show me python for a regex for email validation quickly,task.code
hey jarvis ai generate photosynthesis please,media.image_generate
could you translate this sentence into hindi please,info.translate
jarvis what is water in german for me,info.translate
please give me information on earthquakes,info.factual
please i want details about the grand canyon please,info.factual
jarvis generate an image of solar panels now,media.image_generate
ok jarvis see you later?,smalltalk.bye
please who are you,smalltalk.identity
ok jarvis take me to stack overflow thanks,action.web_open
hey jarvis open vs code?,action.open_app
can you save this: i live in pune please,memory.remember
who were nelson mandela please,info.factual
ok jarvis show me a tutorial for a regex for email validation please,media.video_search
could you remember that i live in pune for me,memory.remember
could you what is your name quickly,smalltalk.identity
write meeting minutes from my notes,doc.write
jarvis who invented the telephone now,info.factual
ok jarvis compute sqrt(144) for me thanks,info.math
hey jarvis facts about cleopatra,info.factual
please help me with unit tests for my parser quickly,task.code
create a task list for the website launch now,task.plan
can you why is elon musk important for me,info.factual
open the settings app thanks,action.open_app
ok jarvis find articles about ai now,web.browse
please open google quickly,action.web_open
please what is the speed of light now,info.factual
could you show me python for unit tests for my parser quickly,task.code
please create a picture of monsoons thanks,media.image_generate
give me the dictionary meaning of photosynthesis please,info.definition
what are a red panda thanks,info.factual
hey jarvis translate this sentence into hindi please,info.translate
hey jarvis exchange rate for gbp to inr quickly,info.currency
hey jarvis find a youtube video on sports for me,media.video_search
can you translate this sentence into german now,info.translate
translate this sentence into german now,info.translate
ok jarvis make a roadmap to learn machine learning,task.plan
temperature in new york right now,info.weather
jarvis show me headlines about ai please,info.news
ok jarvis run youtube app,action.open_app
could you write meeting minutes from my notes thanks,doc.write
jarvis describe this photo?,vision.analyze
hey jarvis what causes rainbows now,info.factual
could you open stack overflow in the browser,action.web_open
jarvis shutdown the computer now,action.system_control
please define photosynthesis for me,info.definition
create a picture of machine learning for me,media.image_generate
please what is water in german quickly,info.translate
can you image of leonardo da vinci,media.image_search
please image of the taj mahal quickly,media.image_search
hey jarvis prioritize these tasks for me quickly,task.plan
ok jarvis generate an image of goa,media.image_generate
shutdown the computer for me,action.system_control
please who were cristiano ronaldo?,info.factual
reply to this email politely quickly,email.draft
could you get me a gallery of goa thanks,media.image_search
please show me a tutorial for a regex for email validation?,media.video_search
create a picture of a peacock?,media.image_generate
show me a picture of cleopatra for me,media.image_search
write a mail to the client quickly,email.draft
jarvis who wrote the mahabharata for me,info.factual
hey jarvis how does a mechanical keyboard work?,info.factual
can you what is nuclear fusion for me,info.factual
can you note that i am allergic to peanuts for me,memory.remember
start vs code for me quickly,action.open_app
could you how hot is it in sydney quickly,info.weather
please what is 2^10 thanks,info.math
could you who was nikola tesla,info.factual
tell me more about frida kahlo now,info.factual
could you can you open whatsapp,action.open_app
hey jarvis play some music video for me,media.video_search
jarvis show me a picture of cristiano ronaldo now,media.image_search
ok jarvis visualize photosynthesis in neon style quickly,media.image_generate
keep in mind i work as a backend developer for me,memory.remember
can you what's the time in tokyo quickly,info.time
hey jarvis run youtube app,action.open_app
please how does a black hole work?,info.factual
jarvis any updates on business,info.news
hey jarvis translate good morning to german please,info.translate
hey jarvis facts about photosynthesis quickly,info.factual
please paint a lamborghini as digital art quickly,media.image_generate
jarvis ai generate gravity thanks,media.image_generate
jarvis can you do tasks for me quickly,smalltalk.capabilities
what's today's date?,info.time
can you facts about the space shuttle please,info.factual
please i want details about the grand canyon now,info.factual
ok jarvis who is marie curie show me his image quickly,media.image_search
can you compute sqrt(144) for me thanks,info.math
could you open linkedin thanks,action.web_open
can you find articles about ai?,web.browse
what was the space shuttle now,info.factual
can you open terminal for me,action.open_app
could you look up nelson mandela online?,web.browse
can you draft an email to my boss about leave please,email.draft
draw nuclear fusion?,media.image_generate
can you what does algorithm mean,info.definition
can you brief me on today's headlines,info.news
take me to github now,action.web_open
hey jarvis open the visual studio code app for me,action.open_app
jarvis start vs code for me thanks,action.open_app
hey jarvis what does isaac newton look like?,media.image_search
could you facts about sachin tendulkar now,info.factual
can you thanks quickly,smalltalk.thanks
please any updates on world news thanks,info.news
could you weather in london quickly,info.weather
run whatsapp please,action.open_app
jarvis restart my pc for me,action.system_control
hey jarvis play a video about space for me,media.video_search
hey jarvis don't forget that my favourite colour is blue quickly,memory.remember
can you summarize this into a report quickly,doc.write
jarvis explain earthquakes to me quickly,info.factual
ok jarvis who wrote the mahabharata please,info.factual
could you explain cherry blossoms to me quickly,info.factual
can you take me to gmail quickly,action.web_open
hey jarvis what does wikipedia say about kerala now,web.browse
hey jarvis show me images of kerala now,media.image_search
jarvis who is confucius?,info.factual
could you i want details about tokyo now,info.factual
keep in mind i live in pune quickly,memory.remember
jarvis analyse the chart in this image please,vision.analyze
could you how does the space shuttle work for me,info.factual
jarvis explain the space shuttle to me,info.factual
can you get me a gallery of the eiffel tower,media.image_search
please latest technology news please,info.news
could you compute 120 / 8 - 5 for me,info.math
ok jarvis latest cricket news thanks,info.news
please play a video about world news now,media.video_search
please give me a quick overview of monsoons please,info.factual
could you who was virat kohli for me,info.factual
could you launch camera?,action.open_app
please how hot is it in sydney please,info.weather
can you what is water in french,info.translate
hey jarvis go through this report and tell me the key points now,doc.read
could you visualize gravity in neon style now,media.image_generate
can you how does solar panels work thanks,info.factual
generate an image of goa,media.image_generate
hey jarvis get me a gallery of dubai thanks,media.image_search
write code to a fastapi endpoint for uploads now,task.code
jarvis how do you say thank you in french now,info.translate
hey jarvis 2^10 equals what thanks,info.math
jarvis give me information on earthquakes?,info.factual
image of nelson mandela quickly,media.image_search
please how do a blue whale work quickly,info.factual
open github in the browser?,action.web_open
hey jarvis how do a peacock work please,info.factual
could you 2^10 equals what thanks,info.math
good night for me,smalltalk.bye
can you tell me about alan turing please,info.factual
please compute 18 + 27 * 3 for me for me,info.math
ok jarvis are you jarvis please,smalltalk.identity
please are you an ai for me,smalltalk.identity
please give me a quick overview of a black hole please,info.factual
hey jarvis history of paris please,info.factual
please don't forget that i am allergic to peanuts,memory.remember
hey jarvis find a youtube video on sports now,media.video_search
please what is 18 + 27 * 3 please,info.math
jarvis summarize this into a report,doc.write
jarvis solve (45+55)/4 please,info.math
ok jarvis take me to reddit for me,action.web_open
could you scan this receipt thanks,vision.analyze
can you explain a red panda,info.factual
can you find photos of frida kahlo thanks,media.image_search
please show me a picture of cleopatra for me,media.image_search
hey jarvis show me python for unit tests for my parser quickly,task.code
please give me the dictionary meaning of quantum,info.definition
explain nuclear fusion please,info.factual
could you hello are you online quickly,smalltalk.greeting
can you ai generate a blue whale please,media.image_generate
could you send me pictures of iceland quickly,media.image_search
jarvis what was a black hole for me,info.factual
hey jarvis start notepad for me thanks,action.open_app
could you find photos of nikola tesla for me,media.image_search
please get me a gallery of the taj mahal,media.image_search
i want to see the internet,media.image_search
can you describe this photo?,vision.analyze
could you don't forget that my favourite colour is blue quickly,memory.remember
ok jarvis list your features for me,smalltalk.capabilities
could you when did india gain independence,info.factual
hey jarvis create a picture of nuclear fusion,media.image_generate
can you reply to this email politely quickly,email.draft
ok jarvis what does wikipedia say about sachin tendulkar now,web.browse
note that i am allergic to peanuts for me,memory.remember
hey jarvis top stories right now quickly,info.news
ok jarvis i want to see the space shuttle,media.image_search
ok jarvis what is water in spanish for me,info.translate
hey jarvis forecast for berlin please,info.weather
could you show me a tutorial for fix this stack trace thanks,media.video_search
could you visualize a lamborghini in neon style now,media.image_generate
hey jarvis 9 factorial equals what quickly,info.math
could you draw nuclear fusion now,media.image_generate
jarvis how hot is it in tokyo quickly,info.weather
please give me information on kerala now,info.factual
please how do a blue whale work thanks,info.factual
please why is the immune system important for me,info.factual
jarvis what do you know about the space shuttle quickly,info.factual
could you recall my preferences?,memory.recall
ok jarvis remember that i am allergic to peanuts please,memory.remember
hey jarvis any updates on business please,info.news
jarvis lock the screen,action.system_control
can you temperature in tokyo right now thanks,info.weather
break this project into steps please,task.plan
hey jarvis make a wallpaper of kerala now,media.image_generate
can you launch firefox now,action.open_app
hey jarvis weather in sydney for me,info.weather
could you what is a red panda now,info.factual
ok jarvis find articles about sports?,web.browse
can you debug why my for loop is off by one quickly,task.code
can you weather in london for me,info.weather
ok jarvis tell me more about ratan tata please,info.factual
could you what was monsoons thanks,info.factual
can you what was cherry blossoms thanks,info.factual
please what is water in japanese for me,info.translate
please help me with a python script to rename files quickly,task.code
jarvis how hot is it in bangalore?,info.weather
could you don't forget that i am allergic to peanuts,memory.remember
launch terminal please,action.open_app
jarvis how hot is it in tokyo thanks,info.weather
jarvis draft meeting minutes from my notes,doc.write
can you great job?,smalltalk.thanks
could you prioritize these tasks for me,task.plan
please launch settings now,action.open_app
could you draw nuclear fusion?,media.image_generate
can you what does machine learning look like now,media.image_search
ok jarvis who is lionel messi show me his image for me,media.image_search
can you open the spotify app thanks,action.open_app
can you don't forget that i am allergic to peanuts,memory.remember
could you what is vaccines thanks,info.factual
please latest business news for me,info.news
ok jarvis what is a red panda?,info.factual
explain blockchain quickly,info.factual
tell me more about ratan tata?,info.factual
can you what does algorithm mean please,info.definition
please what is water in german for me,info.translate
jarvis write an essay on climate change quickly,doc.write
temperature in sydney right now quickly,info.weather
ok jarvis what are vaccines please,info.factual
please write code to a fastapi endpoint for uploads,task.code
hello now,smalltalk.greeting
ok jarvis design a logo for my startup please,media.image_generate
jarvis show me images of kerala for me,media.image_search
ok jarvis find a youtube video on world news?,media.video_search
jarvis wake up jarvis thanks,smalltalk.greeting
hey jarvis meaning of entropy thanks,info.definition
could you what is a formula 1 car?,info.factual
ok jarvis history of vaccines quickly,info.factual
find a youtube video on cricket quickly,media.video_search
ok jarvis who is virat kohli show me his image for me,media.image_search
who was nikola tesla?,info.factual
where is goa for me,info.factual
open the terminal app now,action.open_app
jarvis summarise dna for me?,info.factual
ok jarvis search the web for space?,web.browse
how do you say thank you in spanish please,info.translate
solve 18 + 27 * 3 for me,info.math
jarvis help?,smalltalk.capabilities
ok jarvis open camera thanks,action.open_app
jarvis go to google thanks,action.web_open
please don't forget that i prefer dark mode please,memory.remember
make a wallpaper of goa?,media.image_generate
solve 15% of 2400 for me,info.math
can you translate good morning to spanish for me,info.translate
show me images of a mechanical keyboard?,media.image_search
please create a pdf with meeting minutes from my notes thanks,doc.write
can you ai generate gravity,media.image_generate
hey jarvis explain the space shuttle to me?,info.factual
ok jarvis show me a picture of cv raman for me,media.image_search
how hot is it in bangalore thanks,info.weather
jarvis open github in the browser thanks,action.web_open
ok jarvis translate good morning to french quickly,info.translate
ok jarvis go to linkedin quickly,action.web_open
image of virat kohli thanks,media.image_search
run firefox quickly,action.open_app
ok jarvis how do you say thank you in german?,info.translate
hey jarvis create a pdf with an essay on climate change,doc.write
could you make a wallpaper of iceland for me,media.image_generate
could you summarise a formula 1 car for me,info.factual
can you where do i live for me,memory.recall
jarvis facts about photosynthesis quickly,info.factual
jarvis how does a peacock work quickly,info.factual
can you latest technology news for me,info.news
can you launch terminal quickly,action.open_app
could you what does monsoon mean?,info.definition
could you make a wallpaper of kerala?,media.image_generate
could you hey jarvis for me,smalltalk.greeting
could you summarise a formula 1 car for me?,info.factual
ok jarvis write a mail to the client thanks,email.draft
hey jarvis 2^10 equals what please,info.math
could you write code to a python script to rename files now,task.code
create a pdf with a report about renewable energy,doc.write
please hi thanks,smalltalk.greeting
could you don't forget that i prefer dark mode quickly,memory.remember
hey jarvis show me a tutorial for reverse a linked list in python please,media.video_search
why is confucius important please,info.factual
could you what commands do you support?,smalltalk.capabilities
ok jarvis give me the dictionary meaning of quantum now,info.definition
ok jarvis get me a gallery of goa thanks,media.image_search
open youtube in the browser now,action.web_open
can you find articles about world news quickly,web.browse
can you define photosynthesis for me,info.definition
could you how do you say thank you in tamil quickly,info.translate
jarvis send me pictures of mount everest?,media.image_search
could you what is 2^10 quickly,info.math
hey jarvis generate an image of the taj mahal,media.image_generate
please compute 18 + 27 * 3 for me quickly,info.math
can you debug reverse a linked list in python please,task.code
could you create a picture of nuclear fusion,media.image_generate
could you find a youtube video on space now,media.video_search
could you give me a quick overview of monsoons thanks,info.factual
could you i am logging off now,smalltalk.bye
hey there for me,smalltalk.greeting
ok jarvis review my function quickly,task.code
could you any updates on cricket quickly,info.news
can you show me headlines about science quickly,info.news
could you what do you know about nikola tesla for me,info.factual
hey jarvis extract the text from this docx for me,doc.read
do you know my job quickly,memory.recall
could you is it going to rain in delhi for me,info.weather
reply to this email politely?,email.draft
please sqrt(144) equals what?,info.math
hey jarvis create a picture of the immune system,media.image_generate
could you translate good morning to hindi for me,info.translate
jarvis what is in this image for me,vision.analyze
ok jarvis history of a lamborghini,info.factual
jarvis i want details about kerala for me,info.factual
meaning of algorithm now,info.definition
hey jarvis i want details about goa?,info.factual
jarvis what does photosynthesis mean,info.definition
erase my saved city?,memory.forget
jarvis tell me about apj abdul kalam thanks,info.factual
hey jarvis explain monsoons for me,info.factual
could you hello are you online now,smalltalk.greeting
please play a video about world news please,media.video_search
ok jarvis send me pictures of leh ladakh now,media.image_search
ok jarvis why is confucius important please,info.factual
ok jarvis give me the dictionary meaning of quantum please,info.definition
hey jarvis give me information on paris?,info.factual
jarvis explain a red panda for me,info.factual
please image of virat kohli?,media.image_search
latest ai news for me,info.news
jarvis search the web for sports now,web.browse
jarvis show me what you can do,smalltalk.capabilities
ok jarvis find a youtube video on sports for me,media.video_search
could you 23 * 47 equals what please,info.math
hey jarvis go through this report and tell me the key points quickly,doc.read
can you generate an image of the northern lights for me,media.image_generate
ok jarvis find articles about cricket for me,web.browse
can you make a word document about renewable energy please,doc.write
who is mary shelley quickly,info.factual
jarvis open the settings app now,action.open_app
hey jarvis tell me the current time,info.time
hey jarvis calculate sqrt(144) thanks,info.math
grab a picture of the screen quickly,action.screenshot
jarvis open github please,action.web_open
hey jarvis i want details about goa thanks,info.factual
save this: my birthday is on 3rd april?,memory.remember
hey jarvis mute the sound quickly,action.system_control
how do a peacock work now,info.factual
jarvis open youtube app for me,action.open_app
save this: i prefer dark mode,memory.remember
ok jarvis analyse the chart in this image for me,vision.analyze
what's the time in tokyo quickly,info.time
namaste thanks,smalltalk.greeting
hey jarvis give me information on iceland,info.factual
hey jarvis open linkedin quickly,action.web_open
can you send me pictures of paris please,media.image_search
hey jarvis erase my saved city quickly,memory.forget
please help me with a regex for email validation for me,task.code
keep in mind i work as a backend developer?,memory.remember
can you look up leonardo da vinci online thanks,web.browse
hey jarvis open the terminal app now,action.open_app
i want to see the internet?,media.image_search
yo for me,smalltalk.greeting
hey jarvis give me a quick overview of dna,info.factual
hey jarvis search the web for business please,web.browse
could you define algorithm quickly,info.definition
look up leonardo da vinci online,web.browse
namaste,smalltalk.greeting
could you launch spotify thanks,action.open_app
create a task list for the website launch quickly,task.plan
can you define quantum quickly,info.definition
show me a picture of cv raman,media.image_search
generate an image of mount everest?,media.image_generate
what do you know about lionel messi now,info.factual
please tell me about cv raman for me,info.factual
please write code to unit tests for my parser?,task.code
hey jarvis weather in sydney quickly,info.weather
please open terminal,action.open_app
could you generate an image of the taj mahal,media.image_generate
can you what are the northern lights for me,info.factual
paint solar panels as digital art now,media.image_generate
hey jarvis definition of the word entropy for me,info.definition
ok jarvis convert 100 usd to inr for me,info.currency
please what is a red panda?,info.factual
can you that was helpful thanks?,smalltalk.thanks
jarvis where is the eiffel tower for me,info.factual
i want details about mount everest?,info.factual
could you who are you,smalltalk.identity
ok jarvis open twitter in the browser for me,action.web_open
hey jarvis play a video about ai for me,media.video_search
can you look up leonardo da vinci online please,web.browse
can you mute the sound?,action.system_control
9 factorial equals what for me,info.math
jarvis who were frida kahlo for me,info.factual
please why is a black hole important thanks,info.factual
please what is water in japanese now,info.translate
could you meaning of quantum please,info.definition
how does a peacock work quickly,info.factual
ok jarvis show me python for fix this stack trace quickly,task.code
meaning of quantum?,info.definition
ok jarvis history of vaccines thanks,info.factual
ok jarvis what does elon musk look like,media.image_search
please great job now,smalltalk.thanks
ok jarvis review my function now,task.code
could you look up cleopatra online now,web.browse
ok jarvis what are vaccines thanks,info.factual
hey jarvis summarise vaccines for me?,info.factual
start vs code for me?,action.open_app
hey jarvis any updates on science thanks,info.news
what does wikipedia say about sachin tendulkar,web.browse
can you note that my favourite colour is blue please,memory.remember
could you show me headlines about world news please,info.news
can you get me a gallery of the taj mahal now,media.image_search
start settings for me thanks,action.open_app
explain nuclear fusion?,info.factual
please why is elon musk important quickly,info.factual
ok jarvis search the web for sports for me,web.browse
could you solve 9 factorial?,info.math
jarvis how much is 50 euro in dollars please,info.currency
please thanks a lot jarvis please,smalltalk.thanks
can you what does monsoon mean?,info.definition
ok jarvis generate an image of solar panels,media.image_generate
open spotify quickly,action.open_app
hey jarvis remove that memory,memory.forget
screenshot this window now,action.screenshot
can you what do you know about the space shuttle for me,info.factual
could you draw a mechanical keyboard quickly,media.image_generate
summarise dna for me quickly,info.factual
can you 120 / 8 - 5 equals what for me,info.math
jarvis paint a black hole as digital art for me,media.image_generate
please translate good morning to hindi?,info.translate
could you play a video about space for me,media.video_search
please paint a lamborghini as digital art thanks,media.image_generate
can you ai generate a blue whale,media.image_generate
please translate good morning to hindi for me,info.translate
please open twitter,action.web_open
can you turn off wifi?,action.system_control
please summarise the internet for me for me,info.factual
can you latest technology news quickly,info.news
can you why is elon musk important quickly,info.factual
save this: i prefer dark mode quickly,memory.remember
hey jarvis what's the news today,info.news
can you start google chrome for me?,action.open_app
hey jarvis where is the taj mahal,info.factual
jarvis any updates on business please,info.news
could you launch firefox quickly,action.open_app
could you thanks a lot jarvis now,smalltalk.thanks
can you what does entropy mean thanks,info.definition
ok jarvis can you open spotify,action.open_app
jarvis how does a mechanical keyboard work for me,info.factual
can you how hot is it in london now,info.weather
give me a quick overview of solar panels thanks,info.factual
could you show me a tutorial for a fastapi endpoint for uploads thanks,media.video_search
jarvis ai generate the internet?,media.image_generate
could you scan this receipt?,vision.analyze
can you search the web for cricket,web.browse
can you is it going to rain in sydney quickly,info.weather
jarvis give me a quick overview of solar panels now,info.factual
jarvis debug why my for loop is off by one quickly,task.code
can you draw quantum computing for me,media.image_generate
tell me about alan turing?,info.factual
please find a youtube video on space for me,media.video_search
please who is srinivasa ramanujan show me his image now,media.image_search
jarvis play a video about world news quickly,media.video_search
please great job?,smalltalk.thanks
please what does the immune system look like?,media.image_search
please what is 2^10 quickly,info.math
jarvis get me a gallery of the eiffel tower?,media.image_search
ok jarvis open the terminal app quickly,action.open_app
jarvis ocr this image quickly,vision.analyze
jarvis wake up jarvis now,smalltalk.greeting
hey jarvis show me python for why my for loop is off by one please,task.code
could you who is serena williams please,info.factual
could you i want to see paris?,media.image_search
jarvis open spotify quickly,action.open_app
what is my favourite colour please,memory.recall
ok jarvis solve 18 + 27 * 3 for me,info.math
please paint monsoons as digital art,media.image_generate
look up taylor swift online for me,web.browse
visualize a mechanical keyboard in neon style?,media.image_generate
could you weather in new york now,info.weather
ok jarvis facts about virat kohli,info.factual
please give me a quick overview of solar panels thanks,info.factual
can you create a picture of monsoons please,media.image_generate
jarvis history of paris please,info.factual
start firefox for me,action.open_app
jarvis look up cleopatra online now,web.browse
show me python for reverse a linked list in python thanks,task.code
could you create a picture of nuclear fusion now,media.image_generate
hey jarvis what are vaccines?,info.factual
please temperature in mumbai right now,info.weather
can you forecast for berlin,info.weather
hey jarvis take me to youtube thanks,action.web_open
jarvis take me to youtube please,action.web_open
can you don't forget that i am allergic to peanuts please,memory.remember
could you forecast for sydney please,info.weather
take me to wikipedia?,action.web_open
run youtube app thanks,action.open_app
can you search the web for ai?,web.browse
please create a picture of monsoons please,media.image_generate
can you facts about the space shuttle,info.factual
ok jarvis what is my favourite colour please,memory.recall
could you don't forget that my favourite colour is blue for me,memory.remember
could you convert 100 usd to inr please,info.currency
ok jarvis what is water in hindi now,info.translate
jarvis how do you say thank you in tamil quickly,info.translate
hey jarvis what commands do you support,smalltalk.capabilities
ok jarvis get me a gallery of goa please,media.image_search
please tell me about apj abdul kalam quickly,info.factual
jarvis launch file explorer for me,action.open_app
jarvis summarize the attached document thanks,doc.read
please create a pdf with meeting minutes from my notes?,doc.write
ok jarvis who were frida kahlo for me,info.factual
can you what does machine learning look like for me,media.image_search
jarvis draft a report about renewable energy please,doc.write
can you what does wikipedia say about srinivasa ramanujan?,web.browse
can you how hot is it in london for me,info.weather
please launch terminal please,action.open_app
can you ocr this image,vision.analyze
show me a picture of cleopatra quickly,media.image_search
can you create a picture of monsoons,media.image_generate
jarvis what is water in french now,info.translate
hey jarvis give me the dictionary meaning of entropy?,info.definition
could you what is a formula 1 car,info.factual
could you create a poster for a music festival please,media.image_generate
could you what does recursion mean quickly,info.definition
can you make me an image of a futuristic city quickly,media.image_generate
hey jarvis visualize a black hole in neon style,media.image_generate
can you what is nuclear fusion quickly,info.factual
hey jarvis facts about photosynthesis please,info.factual
hey jarvis what does wikipedia say about srinivasa ramanujan?,web.browse
hey jarvis calculate (45+55)/4 please,info.math
could you send me pictures of tokyo quickly,media.image_search
please i am logging off?,smalltalk.bye
please show me a picture of cleopatra?,media.image_search
can you turn off wifi for me,action.system_control
hey jarvis ai generate photosynthesis now,media.image_generate
ok jarvis forget my favourite colour?,memory.forget
hey jarvis bye please,smalltalk.bye
please what's the time in tokyo thanks,info.time
can you launch terminal,action.open_app
jarvis write a resume for a data analyst for me,doc.write
go to wikipedia now,action.web_open
please what is water in spanish?,info.translate
hey jarvis show me python for fix this stack trace now,task.code
who is cristiano ronaldo now,info.factual
hey jarvis give me the dictionary meaning of entropy please,info.definition
jarvis find articles about technology,web.browse
please recall my preferences?,memory.recall
can you start google chrome for me for me,action.open_app
jarvis run chrome,action.open_app
ok jarvis show me headlines about technology thanks,info.news
please calculate 2^10,info.math
could you what are you quickly,smalltalk.identity
hey jarvis how does a mechanical keyboard work for me,info.factual
browse to stack overflow.com now,action.web_open
jarvis forecast for bangalore,info.weather
could you draw the northern lights quickly,media.image_generate
hey jarvis who is marie curie show me his image quickly,media.image_search
what causes rainbows please,info.factual
ok jarvis what are cherry blossoms please,info.factual
could you tell me more about frida kahlo quickly,info.factual
jarvis visualize a lamborghini in neon style,media.image_generate
could you translate this sentence into spanish thanks,info.translate
jarvis ai generate a blue whale for me,media.image_generate
please give me a quick overview of dubai for me,info.factual
hey jarvis what causes rainbows please,info.factual
could you play some music video for me,media.video_search
jarvis tell me more about the immune system for me,info.factual
can you what are the northern lights?,info.factual
could you visualize a black hole in neon style,media.image_generate
hey jarvis grab a picture of the screen thanks,action.screenshot
jarvis are you jarvis for me,smalltalk.identity
jarvis help thanks,smalltalk.capabilities
open the camera app for me,action.open_app
tell me about yourself for me,smalltalk.identity
ok jarvis definition of the word recursion quickly,info.definition
ok jarvis get me a gallery of the grand canyon thanks,media.image_search
could you meaning of entropy thanks,info.definition
ok jarvis what does entropy mean for me,info.definition
please perfect thanks now,smalltalk.thanks
hey jarvis erase my saved city,memory.forget
can you remember that i work as a backend developer now,memory.remember
hey jarvis show me a tutorial for fix this stack trace,media.video_search
please how do you say thank you in french for me,info.translate
can you what do you know about a blue whale,info.factual
could you i want details about tokyo?,info.factual
hey jarvis go to linkedin for me,action.web_open
ok jarvis summarise a black hole for me,info.factual
how does solar panels work thanks,info.factual
jarvis what is water in spanish for me,info.translate
hey jarvis temperature in new york right now,info.weather
find articles about ai now,web.browse
please save this: my birthday is on 3rd april?,memory.remember
please find a youtube video on space,media.video_search
please what causes rainbows quickly,info.factual
could you what does photosynthesis mean for me,info.definition
hey jarvis find articles about world news,web.browse
can you explain cherry blossoms to me?,info.factual
can you browse to linkedin.com now,action.web_open
please capture my screen now,action.screenshot
can you show me headlines about cricket please,info.news
jarvis i want details about goa now,info.factual
hey jarvis note that my birthday is on 3rd april please,memory.remember
could you latest science news now,info.news
hey jarvis how do you say thank you in german now,info.translate
could you send me pictures of iceland?,media.image_search
ok jarvis definition of the word serendipity thanks,info.definition
can you browse to github.com thanks,action.web_open
how do you say thank you in arabic,info.translate
could you explain nuclear fusion quickly,info.factual
please run this python snippet?,task.code
jarvis what does algorithm mean please,info.definition
hey jarvis weather in new york please,info.weather
could you create a pdf with a resume for a data analyst thanks,doc.write
could you show me a picture of cv raman now,media.image_search
jarvis is it going to rain in tokyo,info.weather
jarvis what did i tell you earlier quickly,memory.recall
please goodbye jarvis,smalltalk.bye
could you history of blockchain thanks,info.factual
please nice work,smalltalk.thanks
can you weather in berlin quickly,info.weather
can you how does the internet work quickly,info.factual
ok jarvis shutting down for today,smalltalk.bye
please compute 18 + 27 * 3 for me?,info.math
could you get me a gallery of the grand canyon?,media.image_search
jarvis find articles about sports?,web.browse
jarvis who is mary shelley now,info.factual
ok jarvis what's the weather,info.weather
bye for me,smalltalk.bye
jarvis can you open camera quickly,action.open_app
ok jarvis what is photosynthesis thanks,info.factual
jarvis definition of the word quantum for me,info.definition
could you find articles about cricket,web.browse
jarvis convert 2000 inr to yen for me,info.currency
please when did india gain independence for me,info.factual
jarvis grab a picture of the screen for me,action.screenshot
definition of the word recursion for me,info.definition
jarvis how do the northern lights work?,info.factual
can you save this: i prefer dark mode?,memory.remember
hey jarvis who were frida kahlo for me,info.factual
please what is water in spanish please,info.translate
please what does wikipedia say about kerala thanks,web.browse
please give me the dictionary meaning of serendipity thanks,info.definition
jarvis is it going to rain in berlin,info.weather
who made you,smalltalk.identity
please why is the immune system important thanks,info.factual
jarvis meaning of algorithm?,info.definition
could you what can you do please,smalltalk.capabilities
ok jarvis image of virat kohli quickly,media.image_search
ok jarvis launch spotify for me,action.open_app
hey jarvis show me what you can do?,smalltalk.capabilities
hey jarvis browse to github.com thanks,action.web_open
please what are your capabilities for me,smalltalk.capabilities
please tell me more about ada lovelace?,info.factual
tell me about yourself,smalltalk.identity
please show me a tutorial for a regex for email validation now,media.video_search
please generate an image of solar panels,media.image_generate
could you show me a tutorial for a fastapi endpoint for uploads please,media.video_search
please perfect thanks thanks,smalltalk.thanks
please explain a red panda for me,info.factual
could you what does wikipedia say about rosalind franklin now,web.browse
hey jarvis can you open file explorer thanks,action.open_app
browse to wikipedia.com for me,action.web_open
how do you say thank you in arabic now,info.translate
please play a video about technology,media.video_search
ok jarvis make a wallpaper of tokyo thanks,media.image_generate
please show me headlines about ai please,info.news
hey jarvis make a wallpaper of mount everest quickly,media.image_generate
could you note that i prefer dark mode now,memory.remember
please define photosynthesis please,info.definition
image of nelson mandela thanks,media.image_search
jarvis what did i tell you earlier?,memory.recall
could you can you do tasks for me please,smalltalk.capabilities
ok jarvis write a report about renewable energy,doc.write
could you facts about sachin tendulkar?,info.factual
could you i want details about kerala,info.factual
jarvis open the camera app quickly,action.open_app
hey jarvis take me to github thanks,action.web_open
please create a picture of nuclear fusion,media.image_generate
can you meaning of algorithm for me,info.definition
look up nelson mandela online?,web.browse
ok jarvis shutting down for today?,smalltalk.bye
could you write code to unit tests for my parser?,task.code
ok jarvis take me to stack overflow now,action.web_open
ok jarvis read this pdf now,doc.read
can you help me with unit tests for my parser,task.code
meaning of photosynthesis?,info.definition
can you brief me on today's headlines for me,info.news
ok jarvis forecast for tokyo,info.weather
can you who wrote the mahabharata thanks,info.factual
hey jarvis tell me the current time?,info.time
ok jarvis play some music video,media.video_search
please weather in london quickly,info.weather
could you why is the immune system important thanks,info.factual
could you who were serena williams now,info.factual
ok jarvis find articles about science,web.browse
hey jarvis calculate 120 / 8 - 5 please,info.math
please show me a tutorial for reverse a linked list in python?,media.video_search
ok jarvis who were mahatma gandhi?,info.factual
ok jarvis help me with a python script to rename files quickly,task.code
jarvis who were cristiano ronaldo thanks,info.factual
please what is a formula 1 car,info.factual
ok jarvis who was homi bhabha quickly,info.factual
can you how hot is it in london please,info.weather
hey jarvis tell me more about nelson mandela thanks,info.factual
ok jarvis write a mail to the client quickly,email.draft
please summarise the internet for me now,info.factual
could you start firefox for me thanks,action.open_app
jarvis how hot is it in delhi now,info.weather
hey jarvis summarise dna for me?,info.factual
jarvis show me images of the internet for me,media.image_search
ok jarvis give me a quick overview of a black hole thanks,info.factual
make a wallpaper of tokyo for me,media.image_generate
run youtube app quickly,action.open_app
jarvis translate good morning to hindi for me,info.translate
temperature in sydney right now for me,info.weather
could you compute 23 * 47 for me please,info.math
hey jarvis definition of the word entropy thanks,info.definition
could you i am logging off?,smalltalk.bye
jarvis put the laptop to sleep,action.system_control
jarvis wake up jarvis for me,smalltalk.greeting
please how do you say thank you in french,info.translate
ok jarvis summarise a black hole for me for me,info.factual
can you remember that i live in pune?,memory.remember
please who were mahatma gandhi?,info.factual
can you mute the sound quickly,action.system_control
ok jarvis what do you know about lionel messi,info.factual
i want to see the space shuttle now,media.image_search
jarvis draw a black hole please,media.image_generate
please visualize a lamborghini in neon style,media.image_generate
could you what is water in hindi thanks,info.translate
hey jarvis create a pdf with a resume for a data analyst for me,doc.write
draw quantum computing for me,media.image_generate
can you thanks thanks,smalltalk.thanks
what does isaac newton look like for me,media.image_search
hey jarvis send me pictures of mount everest for me,media.image_search
hey jarvis remember that i live in pune?,memory.remember
jarvis translate this sentence into tamil please,info.translate
can you where is dubai thanks,info.factual
hey jarvis look up cleopatra online,web.browse
ok jarvis i want to see goa for me,media.image_search
paint the northern lights as digital art quickly,media.image_generate
please don't forget that i work as a backend developer quickly,memory.remember
hey jarvis who is mary shelley now,info.factual
jarvis keep in mind my birthday is on 3rd april,memory.remember
hey jarvis what is the speed of light please,info.factual
jarvis explain the immune system to me quickly,info.factual
hey jarvis put the laptop to sleep quickly,action.system_control
jarvis remember that my birthday is on 3rd april now,memory.remember
hey jarvis what day is it today quickly,info.time
can you yo please,smalltalk.greeting
jarvis what was the internet,info.factual
ok jarvis paint a black hole as digital art for me,media.image_generate
jarvis send me pictures of kerala now,media.image_search
hey jarvis show me a picture of cristiano ronaldo,media.image_search
can you facts about cristiano ronaldo for me,info.factual
jarvis meaning of entropy please,info.definition
jarvis play a video about technology thanks,media.video_search
jarvis debug a python script to rename files for me,task.code
hey jarvis what is water in japanese for me,info.translate
ok jarvis what do you remember about me?,memory.recall
why is a black hole important quickly,info.factual
look up lata mangeshkar online please,web.browse
jarvis how do i use you,smalltalk.capabilities
could you make me an image of a futuristic city quickly,media.image_generate
can you see you later for me,smalltalk.bye
can you what do you know about a blue whale for me,info.factual
hey jarvis write meeting minutes from my notes please,doc.write
how do you say thank you in spanish now,info.translate
can you browse to reddit.com please,action.web_open
could you calculate 15% of 2400?,info.math
could you translate this sentence into arabic thanks,info.translate
jarvis open vs code,action.open_app
could you show me python for unit tests for my parser please,task.code
can you delete what you know about me for me,memory.forget
please run this python snippet,task.code
tell me about cv raman,info.factual
please how do you say thank you in arabic quickly,info.translate
ok jarvis explain the space shuttle thanks,info.factual
help me with fix this stack trace now,task.code
jarvis tell me about ratan tata quickly,info.factual
can you how do you say thank you in french,info.translate
can you weather in berlin?,info.weather
can you is it going to rain in mumbai for me,info.weather
can you paint cherry blossoms as digital art for me,media.image_generate
jarvis are you jarvis,smalltalk.identity
can you how hot is it in sydney,info.weather
hey jarvis create a picture of nuclear fusion now,media.image_generate
ok jarvis note that i am allergic to peanuts for me,memory.remember
please meaning of quantum please,info.definition
please open youtube in the browser now,action.web_open
hey jarvis image of the taj mahal,media.image_search
hey jarvis show me a picture of mount everest now,media.image_search
can you show me a tutorial for why my for loop is off by one please,media.video_search
can you ai generate blockchain?,media.image_generate
could you how do a peacock work now,info.factual
how do a blue whale work thanks,info.factual
jarvis what are earthquakes thanks,info.factual
could you ai generate the internet,media.image_generate
can you run visual studio code now,action.open_app
can you what does this screenshot show please,vision.analyze
jarvis delete what you know about me for me,memory.forget
hey jarvis remember that i live in pune for me,memory.remember
jarvis how do you say thank you in japanese?,info.translate
jarvis how hot is it in london now,info.weather
make a wallpaper of iceland for me,media.image_generate
please sqrt(144) equals what thanks,info.math
jarvis any updates on cricket quickly,info.news
play a video about world news quickly,media.video_search
please open vs code,action.open_app
could you translate this sentence into german for me,info.translate
jarvis look up nelson mandela online thanks,web.browse
hey jarvis summarise vaccines for me quickly,info.factual
hey jarvis create a picture of solar panels thanks,media.image_generate
can you latest technology news please,info.news
can you how does the internet work now,info.factual
could you who is katherine johnson now,info.factual
can you latest business news thanks,info.news
jarvis give me information on earthquakes,info.factual
hey jarvis what does isaac newton look like for me,media.image_search
please thank you so much now,smalltalk.thanks
please why is a black hole important quickly,info.factual
what was the northern lights for me,info.factual
don't forget that my birthday is on 3rd april now,memory.remember
could you how many days until new year now,info.time
could you define entropy?,info.definition
where is the eiffel tower now,info.factual
search the web for ai?,web.browse
jarvis write code to a python script to rename files now,task.code
could you what's the weather now,info.weather
can you who was leonardo da vinci for me,info.factual
can you tell me about marie curie please,info.factual
hey jarvis don't forget that my favourite colour is blue for me,memory.remember
jarvis can you open chrome,action.open_app
jarvis who wrote the mahabharata thanks,info.factual
could you history of the immune system,info.factual
please what is a formula 1 car?,info.factual
ok jarvis where is goa?,info.factual
please calculate 2^10 for me,info.math
recall my preferences for me,memory.recall
ok jarvis what's the weather?,info.weather
could you send me pictures of mount everest?,media.image_search
what causes rainbows now,info.factual
hey jarvis summarise a formula 1 car for me?,info.factual
jarvis forecast for bangalore thanks,info.weather
jarvis take me to reddit,action.web_open
hey jarvis top stories right now for me,info.news
can you send me pictures of leh ladakh,media.image_search
find a youtube video on business quickly,media.video_search
hey jarvis start notepad for me please,action.open_app
run firefox,action.open_app
could you what does algorithm mean please,info.definition
go to wikipedia,action.web_open
jarvis forecast for london,info.weather
please reply to this email politely now,email.draft
can you translate this sentence into german for me,info.translate
can you is it going to rain in delhi please,info.weather
hey jarvis create a picture of monsoons thanks,media.image_generate
find articles about science,web.browse
jarvis open google in the browser thanks,action.web_open
could you draft an email to my boss about leave?,email.draft
can you go to google quickly,action.web_open
open the camera app quickly,action.open_app
could you make a wallpaper of dubai,media.image_generate
please paint the northern lights as digital art please,media.image_generate
could you get me a gallery of the grand canyon,media.image_search
play a video about technology now,media.video_search
ok jarvis can you open whatsapp thanks,action.open_app
please translate this sentence into japanese quickly,info.translate
why is a black hole important,info.factual
can you take me to stack overflow please,action.web_open
could you play a video about cricket please,media.video_search
jarvis can you open camera thanks,action.open_app
please give me information on paris please,info.factual
give me the dictionary meaning of monsoon?,info.definition
ok jarvis compute 18 + 27 * 3 for me for me,info.math
write a mail to the client thanks,email.draft
ok jarvis open twitter in the browser?,action.web_open
can you compute sqrt(144) for me for me,info.math
could you what are you now,smalltalk.identity
ok jarvis find articles about science quickly,web.browse
ok jarvis ai generate blockchain quickly,media.image_generate
hey jarvis solve 120 / 8 - 5,info.math
hey jarvis what is a formula 1 car,info.factual
hey jarvis draft meeting minutes from my notes thanks,doc.write
ok jarvis don't forget that i prefer dark mode please,memory.remember
could you what does machine learning look like for me,media.image_search
could you i want details about the grand canyon now,info.factual
hey jarvis don't forget that my favourite colour is blue thanks,memory.remember
send me pictures of tokyo,media.image_search
could you show me headlines about technology?,info.news
can you browse to github.com?,action.web_open
hey jarvis what is vaccines now,info.factual
please ai generate the internet,media.image_generate
can you show me a tutorial for a regex for email validation now,media.video_search
tell me more about ada lovelace for me,info.factual
jarvis help me with reverse a linked list in python please,task.code
can you summarize this into a report now,doc.write
ok jarvis read the text in this picture quickly,vision.analyze
ok jarvis tell me about alan turing please,info.factual
hey jarvis save this: i prefer dark mode?,memory.remember
hey jarvis 23 * 47 equals what please,info.math
ok jarvis who was nikola tesla please,info.factual
hey jarvis what was monsoons thanks,info.factual
jarvis solve 2^10 quickly,info.math
could you history of the immune system please,info.factual
hey jarvis play a video about business thanks,media.video_search
ok jarvis show me images of cherry blossoms?,media.image_search
could you list your features?,smalltalk.capabilities
show me a picture of a mechanical keyboard thanks,media.image_search
ok jarvis take a screenshot now,action.screenshot
what is 120 / 8 - 5 quickly,info.math
please latest cricket news,info.news
hey jarvis explain earthquakes to me,info.factual
ok jarvis appreciate it quickly,smalltalk.thanks
ok jarvis show me python for why my for loop is off by one thanks,task.code
ok jarvis what are your capabilities now,smalltalk.capabilities
can you how do i use you,smalltalk.capabilities
ok jarvis find a youtube video on sports now,media.video_search
remember that i prefer dark mode?,memory.remember
jarvis take me to youtube quickly,action.web_open
jarvis show me python for why my for loop is off by one thanks,task.code
can you delete what you know about me quickly,memory.forget
could you launch file explorer thanks,action.open_app
i want details about the grand canyon please,info.factual
can you what does wikipedia say about kerala for me,web.browse
can you ai generate blockchain quickly,media.image_generate
can you search the web for ai now,web.browse
jarvis run visual studio code please,action.open_app
could you i want to see goa for me,media.image_search
please i want to see paris quickly,media.image_search
please read this pdf?,doc.read
hey jarvis what is 120 / 8 - 5 thanks,info.math
please i am logging off now,smalltalk.bye
could you how do machine learning work,info.factual
ok jarvis translate this sentence into spanish now,info.translate
jarvis who was virat kohli for me,info.factual
can you paint monsoons as digital art thanks,media.image_generate
could you goodbye jarvis,smalltalk.bye
jarvis tell me about ratan tata please,info.factual
please write code to reverse a linked list in python quickly,task.code
could you what is water in hindi?,info.translate
ok jarvis help me with a python script to rename files please,task.code
ok jarvis what does entropy mean thanks,info.definition
hey jarvis open terminal?,action.open_app
please (45+55)/4 equals what quickly,info.math
please latest technology news for me,info.news
can you what do you know about solar panels quickly,info.factual
find photos of homi bhabha?,media.image_search
hey jarvis translate good morning to tamil now,info.translate
can you what is water in japanese?,info.translate
what day is it today quickly,info.time
who is elon musk show me his image quickly,media.image_search
ok jarvis definition of the word entropy?,info.definition
can you temperature in delhi right now quickly,info.weather
ok jarvis weather in bangalore now,info.weather
jarvis browse to twitter.com,action.web_open
please what does wikipedia say about rosalind franklin quickly,web.browse
could you draw a mechanical keyboard,media.image_generate
ok jarvis send me pictures of leh ladakh,media.image_search
can you what do you know about solar panels thanks,info.factual
tell me more about ratan tata for me,info.factual
please translate good morning to hindi please,info.translate
debug fix this stack trace thanks,task.code
please explain a blue whale to me thanks,info.factual
hey jarvis how do a blue whale work quickly,info.factual
ok jarvis show me images of tokyo,media.image_search
ok jarvis top stories right now for me,info.news
could you that was helpful thanks quickly,smalltalk.thanks
could you why is the sky blue now,info.factual
can you help me with unit tests for my parser now,task.code
hey jarvis grab a picture of the screen for me,action.screenshot
jarvis what do you remember about me?,memory.recall
ok jarvis create a picture of solar panels now,media.image_generate
ok jarvis what are your capabilities for me,smalltalk.capabilities
can you keep in mind i work as a backend developer?,memory.remember
jarvis show me images of the internet?,media.image_search
please give me the dictionary meaning of monsoon quickly,info.definition
jarvis definition of the word photosynthesis quickly,info.definition
hey jarvis what is 15% of 2400 please,info.math
ok jarvis tell me about marie curie please,info.factual
can you open reddit?,action.web_open
ok jarvis give me a quick overview of a formula 1 car now,info.factual
ok jarvis what is the speed of light,info.factual
ok jarvis open the settings app thanks,action.open_app
hey jarvis send me pictures of mount everest now,media.image_search
please calculate 2^10?,info.math
jarvis how do i use you quickly,smalltalk.capabilities
could you create a pdf with a resume for a data analyst quickly,doc.write
please play a video about cricket,media.video_search
could you debug reverse a linked list in python?,task.code
weather in sydney quickly,info.weather
hey jarvis calculate sqrt(144) now,info.math
how do a peacock work please,info.factual
meaning of serendipity now,info.definition
hey jarvis play a video about ai thanks,media.video_search
jarvis note that my birthday is on 3rd april now,memory.remember
can you who is ibn sina show me his image?,media.image_search
jarvis don't forget that i live in pune?,memory.remember
please lock the screen?,action.system_control
could you goodbye jarvis please,smalltalk.bye
can you find photos of virat kohli for me,media.image_search
hey jarvis any updates on ai for me,info.news
can you what are your capabilities for me,smalltalk.capabilities
hey jarvis what do you know about shah rukh khan for me,info.factual
hey jarvis any updates on sports quickly,info.news
please write code to fix this stack trace please,task.code
please tell me the current time?,info.time
hey jarvis capture my screen now,action.screenshot
hey jarvis history of paris now,info.factual
jarvis solve 120 / 8 - 5 please,info.math
draw nuclear fusion for me,media.image_generate
hey jarvis tell me more about the immune system for me,info.factual
jarvis note that my favourite colour is blue please,memory.remember
could you find photos of virat kohli please,media.image_search
could you go to google thanks,action.web_open
hey jarvis why is the space shuttle important?,info.factual
where is kerala thanks,info.factual
please what is water in arabic?,info.translate
could you get me a gallery of paris now,media.image_search
hello,smalltalk.greeting
solve 15% of 2400 please,info.math
can you what does the space shuttle look like now,media.image_search
jarvis open the camera app for me,action.open_app
what does cv raman look like?,media.image_search
give me information on paris quickly,info.factual
could you what do you know about nikola tesla now,info.factual
ok jarvis what are earthquakes please,info.factual
can you give me a quick overview of a formula 1 car quickly,info.factual
can you why is cherry blossoms important now,info.factual
could you visualize gravity in neon style,media.image_generate
jarvis find a youtube video on sports quickly,media.video_search
what's the time in tokyo please,info.time
jarvis draw the northern lights thanks,media.image_generate
ok jarvis history of a lamborghini now,info.factual
jarvis save this: i live in pune?,memory.remember
jarvis save this: i am allergic to peanuts?,memory.remember
make a wallpaper of tokyo thanks,media.image_generate
can you save this: i prefer dark mode quickly,memory.remember
hey jarvis what's today's date now,info.time
could you what are earthquakes for me,info.factual
please how do you say thank you in arabic now,info.translate
please draft an essay on climate change quickly,doc.write
please find articles about technology for me,web.browse
please summarise the space shuttle for me please,info.factual
ok jarvis what does isaac newton look like for me,media.image_search
jarvis hey jarvis for me,smalltalk.greeting
can you help me with a fastapi endpoint for uploads,task.code
jarvis how much is 50 euro in dollars?,info.currency
jarvis draw a mechanical keyboard quickly,media.image_generate
ok jarvis launch spotify thanks,action.open_app
please ai generate gravity thanks,media.image_generate
ok jarvis write a report about renewable energy please,doc.write
can you translate good morning to tamil now,info.translate
can you make a wallpaper of mount everest quickly,media.image_generate
please who were cristiano ronaldo thanks,info.factual
make a wallpaper of goa please,media.image_generate
please what is water in arabic,info.translate
hey jarvis launch camera?,action.open_app
hey jarvis browse to github.com for me,action.web_open
ok jarvis visualize quantum computing in neon style,media.image_generate
is it going to rain in sydney now,info.weather
ok jarvis forecast for tokyo?,info.weather
hey jarvis write a report about renewable energy,doc.write
hey jarvis remember that i am allergic to peanuts?,memory.remember
please who were mahatma gandhi for me,info.factual
hey jarvis open linkedin thanks,action.web_open
jarvis define quantum now,info.definition
jarvis look up nelson mandela online?,web.browse
jarvis history of paris for me,info.factual
could you sqrt(144) equals what please,info.math
hey jarvis remember that my favourite colour is blue quickly,memory.remember
please wake up jarvis now,smalltalk.greeting
jarvis note that i prefer dark mode thanks,memory.remember
please what's the news today please,info.news
hey jarvis remember that i live in pune,memory.remember
how many days until new year thanks,info.time
can you what does the immune system look like?,media.image_search
please how hot is it in mumbai?,info.weather
please give me the dictionary meaning of quantum now,info.definition
extract the text from this docx for me,doc.read
please appreciate it quickly,smalltalk.thanks
could you translate this sentence into spanish?,info.translate
could you can you open file explorer please,action.open_app
could you run vs code now,action.open_app
ok jarvis visualize quantum computing in neon style thanks,media.image_generate
can you shutting down for today please,smalltalk.bye
extract the text from this docx?,doc.read
please i want to see paris?,media.image_search
ok jarvis search the web for sports please,web.browse
ok jarvis open the settings app now,action.open_app
show me a tutorial for a fastapi endpoint for uploads?,media.video_search
could you save this: i work as a backend developer,memory.remember
could you what was the northern lights now,info.factual
ok jarvis what is photosynthesis,info.factual
ok jarvis what was cherry blossoms thanks,info.factual
could you convert 2000 inr to yen thanks,info.currency
could you translate this sentence into hindi quickly,info.translate
could you hi buddy please,smalltalk.greeting
hey jarvis any updates on business,info.news
explain blockchain,info.factual
could you play a video about cricket,media.video_search
show me a tutorial for a python script to rename files for me,media.video_search
what does monsoon mean quickly,info.definition
jarvis define algorithm,info.definition
jarvis where is kerala?,info.factual
can you definition of the word serendipity,info.definition
who is mary shelley now,info.factual
summarise the space shuttle for me?,info.factual
please what are a red panda please,info.factual
hey jarvis translate this sentence into hindi quickly,info.translate
jarvis facts about sachin tendulkar?,info.factual
please draw a mechanical keyboard,media.image_generate
ok jarvis what are vaccines?,info.factual
what was the internet?,info.factual
jarvis create a picture of a peacock thanks,media.image_generate
can you launch file explorer?,action.open_app
could you latest world news news for me,info.news
can you tell me about marie curie,info.factual
ok jarvis write code to a fastapi endpoint for uploads,task.code
hey jarvis make a wallpaper of kerala for me,media.image_generate
can you write code to reverse a linked list in python quickly,task.code
ok jarvis show me a picture of mount everest quickly,media.image_search
can you draft an essay on climate change quickly,doc.write
hey jarvis create a picture of the immune system thanks,media.image_generate
ok jarvis perfect thanks,smalltalk.thanks
please keep in mind my favourite colour is blue,memory.remember
hey jarvis plan my week?,task.plan
can you talk to you tomorrow thanks,smalltalk.bye
could you what does this file say now,doc.read
could you perfect thanks,smalltalk.thanks
please open terminal?,action.open_app
ok jarvis start notepad for me quickly,action.open_app
can you what is 23 * 47 please,info.math
jarvis remember that my birthday is on 3rd april quickly,memory.remember
ok jarvis find photos of frida kahlo?,media.image_search
ok jarvis show me a picture of mount everest thanks,media.image_search
ok jarvis make a roadmap to learn machine learning thanks,task.plan
hey jarvis can you do tasks for me now,smalltalk.capabilities
meaning of algorithm?,info.definition
define entropy?,info.definition
hey jarvis show me images of kerala for me,media.image_search
hey jarvis mute the sound please,action.system_control
can you find photos of kerala,media.image_search
please nice work?,smalltalk.thanks
please what are the northern lights for me,info.factual
please generate an image of the northern lights now,media.image_generate
ok jarvis open gmail in the browser thanks,action.web_open
ok jarvis run youtube app quickly,action.open_app
ok jarvis who is virat kohli show me his image quickly,media.image_search
jarvis show me what you can do?,smalltalk.capabilities
hey jarvis create a picture of machine learning,media.image_generate
jarvis how hot is it in delhi quickly,info.weather
hey jarvis scan this receipt?,vision.analyze
please write code to unit tests for my parser thanks,task.code
could you draft a resume for a data analyst,doc.write
could you show me images of a mechanical keyboard quickly,media.image_search
hey jarvis who is mary shelley quickly,info.factual
hey jarvis tell me more about elon musk,info.factual
please definition of the word photosynthesis,info.definition
jarvis shutting down for today please,smalltalk.bye
hey jarvis create a pdf with a resume for a data analyst quickly,doc.write
please open whatsapp please,action.open_app
ok jarvis compose an email requesting a meeting now,email.draft
can you open wikipedia?,action.web_open
can you who was leonardo da vinci thanks,info.factual
image of virat kohli?,media.image_search
can you i want to see paris please,media.image_search
ok jarvis note that i work as a backend developer?,memory.remember
take a screenshot,action.screenshot
please read this pdf now,doc.read
could you what model are you quickly,smalltalk.identity
ok jarvis open youtube in the browser please,action.web_open
jarvis give me a quick overview of a formula 1 car quickly,info.factual
jarvis what is water in german?,info.translate
could you who were serena williams thanks,info.factual
jarvis brief me on today's headlines for me,info.news
ok jarvis get me a gallery of paris,media.image_search
how does a peacock work thanks,info.factual
can you browse to github.com for me,action.web_open
jarvis what do you know about shah rukh khan for me,info.factual
can you search the web for business please,web.browse
can you do i need an umbrella today for me,info.weather
could you compute 2^10 for me?,info.math
can you image of nelson mandela thanks,media.image_search
summarise a black hole for me,info.factual
can you are you an ai?,smalltalk.identity
could you browse to stack overflow.com?,action.web_open
could you draft an email to my boss about leave for me,email.draft
ok jarvis summarise vaccines for me,info.factual
hello are you online please,smalltalk.greeting
tell me more about ada lovelace?,info.factual
can you show me python for fix this stack trace?,task.code
please send me pictures of tokyo for me,media.image_search
please recall my preferences,memory.recall
jarvis solve 2^10 now,info.math
can you solve 2^10 thanks,info.math
can you define photosynthesis thanks,info.definition
jarvis tell me more about frida kahlo quickly,info.factual
hey jarvis history of a lamborghini please,info.factual
jarvis tell me about apj abdul kalam for me,info.factual
hey jarvis go to stack overflow,action.web_open
jarvis i need a study schedule for exams quickly,task.plan
please where is dubai thanks,info.factual
jarvis what does cv raman look like now,media.image_search
hey jarvis start whatsapp for me now,action.open_app
could you how hot is it in mumbai,info.weather
can you facts about cristiano ronaldo?,info.factual
namaste quickly,smalltalk.greeting
jarvis is it going to rain in tokyo thanks,info.weather
hey jarvis open github in the browser now,action.web_open
hey jarvis what do you know about shah rukh khan thanks,info.factual
hey jarvis brief me on today's headlines for me,info.news
ok jarvis give me the dictionary meaning of quantum,info.definition
can you take me to gmail for me,action.web_open
jarvis image of cv raman now,media.image_search
can you where is dubai quickly,info.factual
hey jarvis solve (45+55)/4 now,info.math
can you thanks now,smalltalk.thanks
please save this: my favourite colour is blue thanks,memory.remember
could you take me to gmail for me,action.web_open
ok jarvis scan this receipt please,vision.analyze
can you how does solar panels work please,info.factual
jarvis what was the space shuttle please,info.factual
could you translate good morning to german for me,info.translate
could you keep in mind i am allergic to peanuts thanks,memory.remember
can you what does this screenshot show quickly,vision.analyze
hey jarvis search the web for sports now,web.browse
please make a wallpaper of dubai?,media.image_generate
image of leonardo da vinci quickly,media.image_search
history of vaccines quickly,info.factual
could you explain a red panda to me thanks,info.factual
could you delete what you know about me quickly,memory.forget
what day is it today now,info.time
jarvis calculate 2^10,info.math
where is kerala now,info.factual
could you help me organize a birthday party thanks,task.plan
hey jarvis search the web for sports for me,web.browse
take me to github thanks,action.web_open
hey jarvis can you open file explorer quickly,action.open_app
please open terminal for me,action.open_app
ok jarvis compute 2^10 for me please,info.math
hey jarvis browse to reddit.com thanks,action.web_open
ok jarvis go to twitter now,action.web_open
hello quickly,smalltalk.greeting
can you i want to see blockchain,media.image_search
jarvis i want to see the space shuttle,media.image_search
can you how do you say thank you in french now,info.translate
jarvis run firefox for me,action.open_app
jarvis forecast for london thanks,info.weather
please who were cristiano ronaldo please,info.factual
jarvis go to google,action.web_open
can you go to gmail?,action.web_open
please definition of the word recursion now,info.definition
ok jarvis look up leonardo da vinci online,web.browse
jarvis translate this sentence into arabic quickly,info.translate
jarvis show me a picture of iceland quickly,media.image_search
please compute (45+55)/4 for me for me,info.math
ok jarvis make a wallpaper of iceland for me,media.image_generate
facts about virat kohli for me,info.factual
hey jarvis find a youtube video on cricket please,media.video_search
jarvis show me images of cherry blossoms?,media.image_search
please show me python for reverse a linked list in python for me,task.code
create a picture of machine learning,media.image_generate
nice work now,smalltalk.thanks
hey jarvis?,smalltalk.greeting
ok jarvis remember that my birthday is on 3rd april now,memory.remember
can you what day is it today?,info.time
jarvis generate an image of goa please,media.image_generate
could you draw the northern lights please,media.image_generate
launch terminal quickly,action.open_app
can you who were nelson mandela now,info.factual
shutdown the computer,action.system_control
hey jarvis define serendipity now,info.definition
can you open reddit for me,action.web_open
hey jarvis what is water in german?,info.translate
jarvis debug a regex for email validation now,task.code
ok jarvis facts about the space shuttle please,info.factual
ok jarvis go to linkedin for me,action.web_open
could you definition of the word algorithm thanks,info.definition
please open the google chrome app for me,action.open_app
facts about virat kohli now,info.factual
jarvis open vs code thanks,action.open_app
find articles about technology quickly,web.browse
could you visualize a mechanical keyboard in neon style?,media.image_generate
give me a quick overview of dubai quickly,info.factual
how much is 50 euro in dollars please,info.currency
ok jarvis facts about the space shuttle for me,info.factual
could you who made you,smalltalk.identity
could you explain a blue whale,info.factual
ok jarvis what is nuclear fusion for me,info.factual
can you weather in bangalore now,info.weather
jarvis who was virat kohli now,info.factual
could you weather in sydney for me,info.weather
can you calculate 23 * 47 thanks,info.math
could you show me headlines about world news for me,info.news
please what are a red panda thanks,info.factual
hey jarvis play a video about cricket,media.video_search
ok jarvis show me headlines about world news?,info.news
ok jarvis what do you know about solar panels quickly,info.factual
jarvis open linkedin quickly,action.web_open
please any updates on science thanks,info.news
can you calculate 23 * 47,info.math
could you recall my preferences for me,memory.recall
please give me the dictionary meaning of quantum please,info.definition
ok jarvis generate an image of solar panels now,media.image_generate
please save this: my favourite colour is blue for me,memory.remember
can you remember that i am allergic to peanuts,memory.remember
ok jarvis play a video about business,media.video_search
hey jarvis show me python for a python script to rename files please,task.code
please show me a tutorial for a python script to rename files?,media.video_search
jarvis review my function now,task.code
can you why is cherry blossoms important quickly,info.factual
can you read the text in this picture,vision.analyze
hey jarvis note that i live in pune?,memory.remember
please who was homi bhabha quickly,info.factual
ok jarvis help?,smalltalk.capabilities
could you give me the dictionary meaning of photosynthesis?,info.definition
jarvis explain a red panda to me now,info.factual
could you show me python for a regex for email validation quickly,task.code
please what is a formula 1 car for me,info.factual
jarvis find a youtube video on cricket thanks,media.video_search
could you how do the space shuttle work please,info.factual
can you definition of the word photosynthesis,info.definition
can you solve 18 + 27 * 3 now,info.math
please play a video about technology thanks,media.video_search
can you what does monsoon mean now,info.definition
ok jarvis open gmail in the browser for me,action.web_open
could you what is a formula 1 car for me,info.factual
jarvis explain monsoons?,info.factual
hey jarvis what are a red panda please,info.factual
hey jarvis i want details about mount everest for me,info.factual
can you paint cherry blossoms as digital art thanks,media.image_generate
who is marie curie show me his image?,media.image_search
please what does recursion mean now,info.definition
history of blockchain thanks,info.factual
jarvis how hot is it in london for me,info.weather
please keep in mind i live in pune thanks,memory.remember
could you 2^10 equals what please,info.math
can you show me a tutorial for a python script to rename files?,media.video_search
latest ai news quickly,info.news
please where is the taj mahal,info.factual
please who was homi bhabha now,info.factual
hey jarvis meaning of serendipity now,info.definition
could you translate this sentence into arabic quickly,info.translate
could you forecast for sydney quickly,info.weather
jarvis what does elon musk look like now,media.image_search
visualize a mechanical keyboard in neon style quickly,media.image_generate
ok jarvis tell me about yourself?,smalltalk.identity
hey jarvis ai generate photosynthesis,media.image_generate
please how do i use you please,smalltalk.capabilities
draw nuclear fusion now,media.image_generate
open this link and summarize it quickly,web.browse
hey jarvis note that i prefer dark mode thanks,memory.remember
can you any updates on sports?,info.news
please find a youtube video on space now,media.video_search
ok jarvis debug reverse a linked list in python,task.code
please open youtube in the browser for me,action.web_open
generate an image of the northern lights now,media.image_generate
hey jarvis generate an image of the taj mahal for me,media.image_generate
can you what do you know about the space shuttle now,info.factual
hey jarvis explain earthquakes to me?,info.factual
could you keep in mind my birthday is on 3rd april,memory.remember
what is 9 factorial please,info.math
jarvis show me a picture of iceland please,media.image_search
please latest world news news thanks,info.news
jarvis find photos of kerala now,media.image_search
jarvis remember that my favourite colour is blue,memory.remember
can you show me images of tokyo?,media.image_search
ok jarvis show me images of tokyo?,media.image_search
could you calculate sqrt(144) quickly,info.math
could you give me information on kerala quickly,info.factual
can you make a wallpaper of dubai thanks,media.image_generate
can you what was cherry blossoms,info.factual
please what is 18 + 27 * 3?,info.math
what does wikipedia say about sachin tendulkar now,web.browse
ok jarvis what was cherry blossoms now,info.factual
ok jarvis get me a gallery of goa,media.image_search
is it going to rain in sydney quickly,info.weather
hey jarvis explain blockchain quickly,info.factual
jarvis tell me more about nelson mandela thanks,info.factual
can you do i need an umbrella today?,info.weather
ok jarvis explain the space shuttle?,info.factual
could you find a youtube video on business for me,media.video_search
can you find photos of kerala now,media.image_search
jarvis keep in mind i work as a backend developer please,memory.remember
could you show me a picture of cv raman,media.image_search
paint the northern lights as digital art please,media.image_generate
history of vaccines for me,info.factual
please image of the grand canyon?,media.image_search
can you show me python for fix this stack trace quickly,task.code
jarvis send me pictures of kerala please,media.image_search
ok jarvis play a video about business thanks,media.video_search
please i am logging off for me,smalltalk.bye
show me headlines about science?,info.news
ok jarvis search the web for cricket thanks,web.browse
please is it going to rain in berlin please,info.weather
ok jarvis explain earthquakes to me quickly,info.factual
meaning of quantum quickly,info.definition
explain a blue whale,info.factual
jarvis what do you know about shah rukh khan,info.factual
can you launch terminal please,action.open_app
ok jarvis tell me more about ratan tata?,info.factual
jarvis what is water in spanish please,info.translate
jarvis what is 18 + 27 * 3?,info.math
open google in the browser,action.web_open
jarvis meaning of algorithm now,info.definition
ok jarvis thank you so much quickly,smalltalk.thanks
please look up taylor swift online please,web.browse
jarvis give me the dictionary meaning of entropy,info.definition
ok jarvis can you open camera thanks,action.open_app
who were nelson mandela thanks,info.factual
ok jarvis who was virat kohli?,info.factual
keep in mind i live in pune thanks,memory.remember
hey jarvis extract the text from this docx quickly,doc.read
jarvis who were frida kahlo,info.factual
hey jarvis go to wikipedia quickly,action.web_open
ok jarvis remember that my favourite colour is blue quickly,memory.remember
could you explain a blue whale to me thanks,info.factual
jarvis show me a picture of iceland,media.image_search
can you make a roadmap to learn machine learning now,task.plan
ok jarvis show me a picture of cleopatra quickly,media.image_search
could you what does wikipedia say about cv raman,web.browse
could you create a picture of a peacock?,media.image_generate
can you weather in london now,info.weather
please paint monsoons as digital art now,media.image_generate
please wake up jarvis thanks,smalltalk.greeting
please weather in tokyo quickly,info.weather
jarvis help me with a fastapi endpoint for uploads?,task.code
hey jarvis talk to you tomorrow,smalltalk.bye
jarvis i am logging off for me,smalltalk.bye
can you summarise the space shuttle for me for me,info.factual
could you play a video about space quickly,media.video_search
ok jarvis draw nuclear fusion now,media.image_generate
jarvis tell me about marie curie please,info.factual
can you find photos of homi bhabha quickly,media.image_search
ok jarvis make a wallpaper of mount everest please,media.image_generate
jarvis how hot is it in delhi please,info.weather
ok jarvis translate good morning to spanish thanks,info.translate
can you paint a lamborghini as digital art?,media.image_generate
ok jarvis hello are you online please,smalltalk.greeting
hey jarvis what was the space shuttle please,info.factual
could you what is vaccines quickly,info.factual
look up leonardo da vinci online please,web.browse
could you write code to a python script to rename files for me,task.code
jarvis open google in the browser now,action.web_open
jarvis generate an image of mount everest?,media.image_generate
jarvis don't forget that i work as a backend developer thanks,memory.remember
what does wikipedia say about sachin tendulkar?,web.browse
could you who was virat kohli now,info.factual
please keep in mind my birthday is on 3rd april quickly,memory.remember
hey jarvis how do you say thank you in arabic quickly,info.translate
good evening jarvis quickly,smalltalk.greeting
ok jarvis weather in bangalore please,info.weather
find photos of frida kahlo?,media.image_search
please how hot is it in tokyo?,info.weather
any updates on ai for me,info.news
hey jarvis what are solar panels,info.factual
show me images of a mechanical keyboard,media.image_search
can you is it going to rain in mumbai,info.weather
jarvis where is goa for me,info.factual
hey jarvis help me with unit tests for my parser,task.code
please keep in mind my birthday is on 3rd april now,memory.remember
please launch terminal quickly,action.open_app
hey jarvis meaning of entropy,info.definition
what can you do for me,smalltalk.capabilities
hey jarvis show me a picture of cristiano ronaldo thanks,media.image_search
120 / 8 - 5 equals what thanks,info.math
hey jarvis search the web for business for me,web.browse
jarvis who were cristiano ronaldo please,info.factual
ok jarvis definition of the word serendipity quickly,info.definition
could you i want to see paris quickly,media.image_search
make a wallpaper of goa now,media.image_generate
summarise dna for me?,info.factual
jarvis write a report about renewable energy,doc.write
jarvis shutting down for today,smalltalk.bye
can you image of leonardo da vinci please,media.image_search
could you what is 18 + 27 * 3 now,info.math
hey jarvis open spotify now,action.open_app
jarvis note that my favourite colour is blue for me,memory.remember
please save this: i am allergic to peanuts,memory.remember
hey jarvis what is the speed of light,info.factual
facts about sachin tendulkar?,info.factual
ok jarvis i want to see the space shuttle for me,media.image_search
could you remove that memory,memory.forget
can you describe this photo please,vision.analyze
could you get me a gallery of paris thanks,media.image_search
please how does a mechanical keyboard work thanks,info.factual
please is it going to rain in london?,info.weather
hey jarvis what was the space shuttle now,info.factual
could you can you do tasks for me now,smalltalk.capabilities
definition of the word quantum please,info.definition
jarvis who is ibn sina for me,info.factual
ok jarvis show me a picture of cv raman now,media.image_search
please help me organize a birthday party thanks,task.plan
please definition of the word recursion quickly,info.definition
please what's today's date now,info.time
calculate 2^10 for me,info.math
jarvis look up taylor swift online please,web.browse
appreciate it,smalltalk.thanks
jarvis what time is it now,info.time
could you play a video about ai quickly,media.video_search
jarvis translate good morning to french for me,info.translate
hey jarvis who is katherine johnson quickly,info.factual
jarvis open youtube app thanks,action.open_app
ok jarvis read this pdf?,doc.read
can you don't forget that i live in pune?,memory.remember
hey jarvis make me an image of a futuristic city?,media.image_generate
hey jarvis open linkedin please,action.web_open
jarvis write code to why my for loop is off by one now,task.code
please launch firefox?,action.open_app
ok jarvis give me information on iceland,info.factual
could you give me information on iceland now,info.factual
could you go to stack overflow?,action.web_open
ok jarvis how do you say thank you in japanese?,info.translate
ok jarvis erase my saved city?,memory.forget
what does wikipedia say about cv raman,web.browse
could you meaning of entropy please,info.definition
could you give me the dictionary meaning of serendipity thanks,info.definition
jarvis any updates on world news thanks,info.news
please tell me about yourself for me,smalltalk.identity
could you is it going to rain in sydney?,info.weather
visualize a black hole in neon style thanks,media.image_generate
hey jarvis get me a gallery of the taj mahal now,media.image_search
jarvis calculate 120 / 8 - 5 thanks,info.math
hey jarvis start notepad for me quickly,action.open_app
please when did india gain independence,info.factual
ok jarvis ai generate quantum computing now,media.image_generate
hey jarvis what day is it today?,info.time
ok jarvis facts about the space shuttle,info.factual
please make a wallpaper of dubai thanks,media.image_generate
jarvis open this link and summarize it quickly,web.browse
ok jarvis why is confucius important thanks,info.factual
can you generate an image of the northern lights now,media.image_generate
write an essay on climate change,doc.write
please history of the immune system thanks,info.factual
jarvis visualize a lamborghini in neon style now,media.image_generate
hey jarvis why is the space shuttle important for me,info.factual
show me headlines about world news?,info.news
help me organize a birthday party please,task.plan
hey jarvis visualize a black hole in neon style thanks,media.image_generate
can you create a poster for a music festival now,media.image_generate
compute sqrt(144) for me for me,info.math
hey jarvis 2^10 equals what?,info.math
jarvis why is confucius important please,info.factual
ok jarvis give me a quick overview of dna now,info.factual
please show me headlines about ai?,info.news
please image of the grand canyon now,media.image_search
why is confucius important quickly,info.factual
hey jarvis what does wikipedia say about srinivasa ramanujan now,web.browse
could you 9 factorial equals what for me,info.math
jarvis latest world news news please,info.news
jarvis draw a mechanical keyboard,media.image_generate
please what are a red panda,info.factual
please good night now,smalltalk.bye
jarvis i want to see the internet?,media.image_search
ok jarvis run vs code for me,action.open_app
could you are you an ai thanks,smalltalk.identity
solve 15% of 2400 thanks,info.math
take a screenshot now,action.screenshot
ok jarvis summarise vaccines for me?,info.factual
hey jarvis open camera thanks,action.open_app
please hi buddy?,smalltalk.greeting
jarvis what does elon musk look like for me,media.image_search
can you paint monsoons as digital art,media.image_generate
can you debug unit tests for my parser now,task.code
create a poster for a music festival?,media.image_generate
please open whatsapp quickly,action.open_app
ok jarvis what is my favourite colour now,memory.recall
jarvis show me python for why my for loop is off by one?,task.code
hey jarvis what is your name?,smalltalk.identity
i want details about the grand canyon now,info.factual
summarise the space shuttle for me for me,info.factual
history of vaccines thanks,info.factual
hey jarvis open spotify quickly,action.open_app
please explain a blue whale to me for me,info.factual
could you debug a python script to rename files thanks,task.code
could you draw nuclear fusion for me,media.image_generate
ok jarvis launch settings now,action.open_app
can you increase the volume please,action.system_control
jarvis latest world news news for me,info.news
can you send me pictures of paris now,media.image_search
show me headlines about world news for me,info.news
hey jarvis history of vaccines quickly,info.factual
jarvis find a youtube video on cricket quickly,media.video_search
please latest technology news quickly,info.news
can you go to google thanks,action.web_open
hey jarvis generate an image of a blue whale,media.image_generate
jarvis design a logo for my startup quickly,media.image_generate
hey jarvis what does machine learning look like for me,media.image_search
jarvis run vs code now,action.open_app
please compose an email requesting a meeting now,email.draft
translate good morning to german for me,info.translate
hey jarvis how hot is it in bangalore thanks,info.weather
ok jarvis save this: my birthday is on 3rd april for me,memory.remember
could you make a wallpaper of dubai thanks,media.image_generate
i want to see solar panels thanks,media.image_search
jarvis open stack overflow in the browser thanks,action.web_open
can you take me to gmail now,action.web_open
jarvis draw quantum computing for me,media.image_generate
hey jarvis who was leonardo da vinci thanks,info.factual
could you send me pictures of kerala now,media.image_search
please make a wallpaper of tokyo please,media.image_generate
ok jarvis make a roadmap to learn machine learning now,task.plan
jarvis don't forget that my birthday is on 3rd april now,memory.remember
hey jarvis open spotify please,action.open_app
hey jarvis create a picture of monsoons please,media.image_generate
visualize a black hole in neon style,media.image_generate
please facts about cleopatra,info.factual
could you i am logging off for me,smalltalk.bye
could you get me a gallery of paris,media.image_search
run whatsapp,action.open_app
hey jarvis history of paris for me,info.factual
can you what does wikipedia say about rosalind franklin thanks,web.browse
do i need an umbrella today?,info.weather
jarvis i want details about goa thanks,info.factual
could you forget my favourite colour,memory.forget
ok jarvis why is elon musk important quickly,info.factual
ok jarvis generate an image of solar panels?,media.image_generate
can you where do i live quickly,memory.recall
could you give me a quick overview of monsoons?,info.factual
grab a picture of the screen thanks,action.screenshot
translate good morning to french?,info.translate
jarvis weather in tokyo,info.weather
could you tell me more about frida kahlo now,info.factual
please note that my birthday is on 3rd april thanks,memory.remember
can you show his photo?,media.image_search
who were confucius,info.factual
take me to stack overflow now,action.web_open
could you start notepad for me please,action.open_app
please create a pdf with meeting minutes from my notes,doc.write
ok jarvis visualize photosynthesis in neon style,media.image_generate
please good night for me,smalltalk.bye
jarvis open twitter in the browser for me,action.web_open
jarvis write a mail to the client quickly,email.draft
ai generate photosynthesis,media.image_generate
jarvis show me her picture,media.image_search
can you remember that i am allergic to peanuts please,memory.remember
could you paint a lamborghini as digital art?,media.image_generate
could you find photos of sachin tendulkar for me,media.image_search
could you write an essay on climate change thanks,doc.write
can you create a poster for a music festival?,media.image_generate
ok jarvis who is lionel messi show me his image thanks,media.image_search
hey jarvis 120 / 8 - 5 equals what for me,info.math
hey jarvis find photos of virat kohli for me,media.image_search
could you what does monsoon mean quickly,info.definition
please translate this sentence into tamil?,info.translate
jarvis paint cherry blossoms as digital art for me,media.image_generate
can you yo for me,smalltalk.greeting
jarvis explain monsoons,info.factual
could you find a youtube video on science for me,media.video_search
tell me about cv raman thanks,info.factual
please increase the volume please,action.system_control
ok jarvis give me a quick overview of dna quickly,info.factual
ok jarvis define monsoon for me,info.definition
erase my saved city,memory.forget
solve 18 + 27 * 3 please,info.math
ok jarvis remember that i am allergic to peanuts,memory.remember
can you don't forget that i live in pune for me,memory.remember
jarvis summarise dna for me now,info.factual
can you create a task list for the website launch quickly,task.plan
please start vs code for me quickly,action.open_app
ok jarvis make a wallpaper of goa please,media.image_generate
ok jarvis get me a gallery of the eiffel tower,media.image_search
can you why is the space shuttle important for me,info.factual
please create a picture of machine learning thanks,media.image_generate
hey jarvis explain monsoons,info.factual
please where is kerala thanks,info.factual
hey jarvis find a youtube video on world news?,media.video_search
please perfect thanks,smalltalk.thanks
hey jarvis start firefox for me thanks,action.open_app
ok jarvis perfect thanks now,smalltalk.thanks
hey jarvis solve 9 factorial please,info.math
jarvis write an essay on climate change,doc.write
find articles about science please,web.browse
hey jarvis launch settings quickly,action.open_app
good evening jarvis please,smalltalk.greeting
ok jarvis create a pdf with meeting minutes from my notes?,doc.write
jarvis put the laptop to sleep quickly,action.system_control
hey jarvis explain blockchain,info.factual
please draw the internet for me,media.image_generate
hey jarvis hi?,smalltalk.greeting
can you debug reverse a linked list in python,task.code
can you talk to you tomorrow,smalltalk.bye
please increase the volume now,action.system_control
ok jarvis how do you say thank you in german for me,info.translate
hey jarvis note that i prefer dark mode please,memory.remember
ok jarvis translate this sentence into japanese quickly,info.translate
ok jarvis history of leh ladakh?,info.factual
please create a picture of machine learning,media.image_generate
jarvis find articles about science quickly,web.browse
ok jarvis show me images of cherry blossoms now,media.image_search
ok jarvis remember that i prefer dark mode?,memory.remember
why is a black hole important thanks,info.factual
where is leh ladakh now,info.factual
jarvis solve (45+55)/4 for me,info.math
hey jarvis create a picture of nuclear fusion please,media.image_generate
please open whatsapp now,action.open_app
jarvis who were mahatma gandhi?,info.factual
can you draft an email to my boss about leave?,email.draft
please show his photo,media.image_search
can you show me headlines about science?,info.news
please is it going to rain in berlin,info.weather
please open this link and summarize it?,web.browse
jarvis thanks thanks,smalltalk.thanks
could you i want details about tokyo for me,info.factual
open the google chrome app for me,action.open_app
ok jarvis history of vaccines for me,info.factual
please is it going to rain in berlin?,info.weather
can you show his photo,media.image_search
can you draw a black hole please,media.image_generate
prioritize these tasks for me now,task.plan
any updates on ai?,info.news
please show me a tutorial for reverse a linked list in python please,media.video_search
what is my favourite colour quickly,memory.recall
ok jarvis what are cherry blossoms?,info.factual
jarvis don't forget that my birthday is on 3rd april quickly,memory.remember
hey jarvis search the web for sports please,web.browse
could you what does the space shuttle look like now,media.image_search
could you i want to see blockchain for me,media.image_search
hey jarvis help me with fix this stack trace now,task.code
please show me a picture of cleopatra quickly,media.image_search
can you define serendipity thanks,info.definition
can you latest cricket news,info.news
find photos of homi bhabha for me,media.image_search
jarvis how does a peacock work thanks,info.factual
hey jarvis image of the taj mahal for me,media.image_search
could you what is 18 + 27 * 3 please,info.math
can you what was monsoons please,info.factual
can you show me a tutorial for a fastapi endpoint for uploads thanks,media.video_search
explain monsoons,info.factual
could you can you open whatsapp?,action.open_app
jarvis define entropy?,info.definition
ok jarvis paint the northern lights as digital art quickly,media.image_generate
jarvis show me a picture of a mechanical keyboard thanks,media.image_search
jarvis visualize quantum computing in neon style please,media.image_generate
could you run whatsapp please,action.open_app
jarvis i want to see the internet for me,media.image_search
could you find a youtube video on science thanks,media.video_search
please tell me more about ada lovelace for me,info.factual
hey jarvis what commands do you support?,smalltalk.capabilities
can you tell me about ratan tata please,info.factual
please how hot is it in sydney quickly,info.weather
hey jarvis open camera?,action.open_app
can you latest business news quickly,info.news
ok jarvis i want details about kerala for me,info.factual
could you visualize quantum computing in neon style thanks,media.image_generate
ok jarvis who is katherine johnson now,info.factual
please summarise the space shuttle for me for me,info.factual
please save this: my favourite colour is blue please,memory.remember
jarvis review my function,task.code
hey jarvis definition of the word algorithm thanks,info.definition
jarvis image of cv raman?,media.image_search
hey jarvis who is marie curie show me his image?,media.image_search
can you define photosynthesis please,info.definition
what was cherry blossoms thanks,info.factual
jarvis i want details about goa?,info.factual
jarvis what is the space shuttle for me,info.factual
ok jarvis scan this receipt thanks,vision.analyze
ok jarvis generate an image of goa please,media.image_generate
could you what is 18 + 27 * 3?,info.math
temperature in mumbai right now?,info.weather
jarvis get me a gallery of the eiffel tower now,media.image_search
ok jarvis open gmail in the browser please,action.web_open
hey jarvis browse to reddit.com please,action.web_open
who was homi bhabha?,info.factual
draft a resume for a data analyst?,doc.write
remember that i work as a backend developer,memory.remember
how many days until new year,info.time
hey jarvis what is your name quickly,smalltalk.identity
hey jarvis run youtube app quickly,action.open_app
remember that i prefer dark mode quickly,memory.remember
could you debug fix this stack trace thanks,task.code
could you how does a peacock work for me,info.factual
jarvis open the spotify app?,action.open_app
can you start settings for me thanks,action.open_app
hey jarvis screenshot this window now,action.screenshot
who was nikola tesla,info.factual
hey jarvis create a pdf with an essay on climate change for me,doc.write
could you write code to why my for loop is off by one thanks,task.code
could you debug fix this stack trace now,task.code
jarvis who is cristiano ronaldo now,info.factual
tell me more about ratan tata please,info.factual
jarvis what model are you now,smalltalk.identity
can you what do you know about a blue whale now,info.factual
jarvis forecast for delhi thanks,info.weather
remember that i prefer dark mode now,memory.remember
could you paint a lamborghini as digital art quickly,media.image_generate
hey jarvis give me information on the taj mahal now,info.factual
please what is the speed of light,info.factual
compute (45+55)/4 for me for me,info.math
hey jarvis what is my favourite colour now,memory.recall
find articles about ai,web.browse
jarvis generate an image of the taj mahal for me,media.image_generate
jarvis find a youtube video on business quickly,media.video_search
120 / 8 - 5 equals what for me,info.math
please help me organize a birthday party please,task.plan
give me the dictionary meaning of monsoon for me,info.definition
please write a resume for a data analyst quickly,doc.write
could you who is confucius,info.factual
show me a tutorial for why my for loop is off by one please,media.video_search
could you make a wallpaper of kerala now,media.image_generate
jarvis send me pictures of kerala quickly,media.image_search
hey jarvis save this: i am allergic to peanuts thanks,memory.remember
hey jarvis give me information on paris quickly,info.factual
hey jarvis who were confucius,info.factual
hey jarvis compute 120 / 8 - 5 for me,info.math
jarvis find a youtube video on world news now,media.video_search
can you show me images of the internet?,media.image_search
please explain a red panda thanks,info.factual
9 factorial equals what quickly,info.math
can you keep in mind i am allergic to peanuts thanks,memory.remember
could you who are you thanks,smalltalk.identity
save this: my birthday is on 3rd april please,memory.remember
can you any updates on ai?,info.news
can you open reddit quickly,action.web_open
could you how do the space shuttle work quickly,info.factual
jarvis run vs code for me,action.open_app
can you translate good morning to spanish thanks,info.translate
please why is the sky blue now,info.factual
could you calculate 120 / 8 - 5 please,info.math
what was the northern lights now,info.factual
please can you open camera thanks,action.open_app
can you tell me about cv raman,info.factual
hey jarvis solve 120 / 8 - 5 now,info.math
can you compute sqrt(144) for me please,info.math
ok jarvis what does cv raman look like now,media.image_search
ok jarvis solve 18 + 27 * 3 please,info.math
could you translate this sentence into arabic?,info.translate
ai generate blockchain thanks,media.image_generate
please go to gmail?,action.web_open
ok jarvis browse to twitter.com,action.web_open
why is cherry blossoms important,info.factual
recall my preferences?,memory.recall
is it going to rain in tokyo,info.weather
hey jarvis debug unit tests for my parser please,task.code
what does monsoon mean now,info.definition
hey jarvis what does this file say now,doc.read
could you define entropy,info.definition
hey jarvis look up ibn sina online please,web.browse
can you turn off wifi quickly,action.system_control
hey jarvis calculate 15% of 2400 thanks,info.math
please give me the dictionary meaning of monsoon?,info.definition
goodbye jarvis,smalltalk.bye
please latest business news thanks,info.news
jarvis write a resume for a data analyst please,doc.write
jarvis open wikipedia,action.web_open
hey jarvis how do you say thank you in japanese now,info.translate
could you create a picture of solar panels please,media.image_generate
find articles about ai?,web.browse
jarvis run firefox,action.open_app
hey jarvis browse to stack overflow.com for me,action.web_open
ok jarvis ai generate quantum computing quickly,media.image_generate
jarvis look up cleopatra online,web.browse
definition of the word recursion quickly,info.definition
please open github please,action.web_open
jarvis screenshot this window for me,action.screenshot
ok jarvis what do you know about shah rukh khan for me,info.factual
ok jarvis design a logo for my startup quickly,media.image_generate
hey jarvis find a youtube video on science thanks,media.video_search
could you what was monsoons now,info.factual
please latest world news news for me,info.news
can you open stack overflow in the browser,action.web_open
ok jarvis paint the northern lights as digital art?,media.image_generate
please give me a quick overview of dubai quickly,info.factual
ok jarvis search the web for business please,web.browse
ok jarvis who is ibn sina quickly,info.factual
can you what are solar panels,info.factual
find a youtube video on cricket please,media.video_search
please where do i live quickly,memory.recall
could you compute 23 * 47 for me,info.math
hey jarvis latest business news quickly,info.news
please appreciate it,smalltalk.thanks
jarvis calculate 2^10 for me,info.math
hey jarvis who is lionel messi show me his image thanks,media.image_search
can you write code to reverse a linked list in python for me,task.code
hey jarvis keep in mind i live in pune now,memory.remember
ok jarvis search the web for cricket,web.browse
can you give me a quick overview of a formula 1 car please,info.factual
hey jarvis how does a black hole work now,info.factual
jarvis open vs code?,action.open_app
write meeting minutes from my notes please,doc.write
hey jarvis mute the sound?,action.system_control
jarvis capture my screen,action.screenshot
please help me with a python script to rename files?,task.code
could you browse to reddit.com quickly,action.web_open
jarvis who invented the telephone thanks,info.factual
jarvis find articles about science please,web.browse
please find articles about technology,web.browse
could you keep in mind i am allergic to peanuts now,memory.remember
please where is dubai please,info.factual
ok jarvis temperature in bangalore right now,info.weather
what is the space shuttle now,info.factual
hey jarvis look up ibn sina online for me,web.browse
please how do you say thank you in spanish now,info.translate
is it going to rain in sydney?,info.weather
hey jarvis note that i live in pune now,memory.remember
jarvis generate an image of goa,media.image_generate
please calculate (45+55)/4 please,info.math
hey jarvis 9 factorial equals what thanks,info.math
could you what is water in hindi now,info.translate
jarvis open reddit quickly,action.web_open
ok jarvis debug reverse a linked list in python please,task.code
hey jarvis play a video about cricket now,media.video_search
please how do a formula 1 car work now,info.factual
please open the spotify app quickly,action.open_app
jarvis summarize this into a report quickly,doc.write
what is photosynthesis,info.factual
hey jarvis explain monsoons?,info.factual
please goodbye jarvis please,smalltalk.bye
could you perfect thanks now,smalltalk.thanks
show me headlines about technology thanks,info.news
hey jarvis temperature in sydney right now quickly,info.weather
jarvis what does wikipedia say about cv raman,web.browse
jarvis latest ai news?,info.news
jarvis facts about photosynthesis please,info.factual
jarvis good morning,smalltalk.greeting
ok jarvis what's the weather now,info.weather
could you what is a red panda?,info.factual
ok jarvis facts about cleopatra thanks,info.factual
ok jarvis good evening jarvis quickly,smalltalk.greeting
can you who was leonardo da vinci quickly,info.factual
ok jarvis shutting down for today please,smalltalk.bye
please create a task list for the website launch thanks,task.plan
hey jarvis get me a gallery of dubai now,media.image_search
hey jarvis thank you so much,smalltalk.thanks
ok jarvis define quantum now,info.definition
could you what commands do you support,smalltalk.capabilities
can you paint a lamborghini as digital art thanks,media.image_generate
ok jarvis browse to twitter.com please,action.web_open
please where is kerala?,info.factual
ok jarvis weather in new york thanks,info.weather
hey jarvis what is 120 / 8 - 5 now,info.math
please i want to see goa,media.image_search
can you define serendipity now,info.definition
jarvis what's the weather now,info.weather
please what does recursion mean quickly,info.definition
debug fix this stack trace now,task.code
can you draft a resume for a data analyst now,doc.write
ok jarvis i want to see goa thanks,media.image_search
jarvis i need a study schedule for exams now,task.plan
ok jarvis write code to a python script to rename files now,task.code
could you that was helpful thanks?,smalltalk.thanks
ok jarvis show me a tutorial for a regex for email validation?,media.video_search
facts about cristiano ronaldo now,info.factual
can you compute (45+55)/4 for me?,info.math
please make a wallpaper of dubai,media.image_generate
jarvis what is water in german quickly,info.translate
please show me a picture of cristiano ronaldo thanks,media.image_search
hey jarvis how do you say thank you in japanese?,info.translate
can you read the text in this picture quickly,vision.analyze
jarvis save this: my favourite colour is blue please,memory.remember
ok jarvis who were frida kahlo please,info.factual
jarvis generate an image of a blue whale?,media.image_generate
debug unit tests for my parser please,task.code
hey jarvis what do you know about lionel messi thanks,info.factual
jarvis search the web for sports please,web.browse
are you jarvis please,smalltalk.identity
can you explain the immune system to me thanks,info.factual
could you take me to gmail now,action.web_open
hey jarvis run this python snippet for me,task.code
can you give me the dictionary meaning of photosynthesis thanks,info.definition
hey jarvis tell me more about nelson mandela?,info.factual
ok jarvis show me images of kerala,media.image_search
hey jarvis launch settings now,action.open_app
can you find photos of homi bhabha for me,media.image_search
jarvis where do i live quickly,memory.recall
can you what does wikipedia say about goa now,web.browse
please latest cricket news please,info.news
ok jarvis what do you know about a blue whale for me,info.factual
please image of the grand canyon please,media.image_search
jarvis get me a gallery of the eiffel tower,media.image_search
can you remember that i am allergic to peanuts?,memory.remember
jarvis browse to twitter.com please,action.web_open
please draw a mechanical keyboard now,media.image_generate
can you latest cricket news please,info.news
jarvis draft a report about renewable energy,doc.write
jarvis play a video about technology,media.video_search
summarise the space shuttle for me please,info.factual
translate this sentence into spanish?,info.translate
could you debug a python script to rename files for me,task.code
hey jarvis shutdown the computer now,action.system_control
can you jarvis you there?,smalltalk.greeting
translate good morning to french quickly,info.translate
ok jarvis take me to reddit?,action.web_open
can you create a pdf with a resume for a data analyst quickly,doc.write
ok jarvis tell me about marie curie thanks,info.factual
please lock the screen,action.system_control
ok jarvis is it going to rain in mumbai,info.weather
ok jarvis open the terminal app for me,action.open_app
could you browse to github.com?,action.web_open
hey jarvis get me a gallery of dubai?,media.image_search
show me headlines about technology,info.news
jarvis find articles about sports please,web.browse
summarise a black hole for me?,info.factual
hey jarvis who is srinivasa ramanujan show me his image thanks,media.image_search
help me with fix this stack trace quickly,task.code
can you who were nelson mandela please,info.factual
can you design a logo for my startup?,media.image_generate
define entropy,info.definition
please open the camera app now,action.open_app
ok jarvis i want to see goa,media.image_search
could you start whatsapp for me please,action.open_app
hey jarvis any updates on science quickly,info.news
hey jarvis what does wikipedia say about sachin tendulkar now,web.browse
could you explain a blue whale?,info.factual
ok jarvis run visual studio code now,action.open_app
can you what is 120 / 8 - 5 thanks,info.math
can you find photos of sachin tendulkar,media.image_search
help me organize a birthday party quickly,task.plan
please who was nelson mandela quickly,info.factual
jarvis generate an image of solar panels,media.image_generate
jarvis look up nelson mandela online now,web.browse
could you keep in mind my birthday is on 3rd april quickly,memory.remember
please what's the time in tokyo quickly,info.time
who was homi bhabha quickly,info.factual
can you what's the time in tokyo please,info.time
appreciate it quickly,smalltalk.thanks
can you save this: i live in pune?,memory.remember
ok jarvis design a logo for my startup?,media.image_generate
ok jarvis what is the speed of light please,info.factual
can you break this project into steps please,task.plan
hey jarvis show me her picture,media.image_search
temperature in new york right now now,info.weather
jarvis how do the space shuttle work please,info.factual
ok jarvis don't forget that i prefer dark mode quickly,memory.remember
ok jarvis weather in berlin now,info.weather
jarvis analyse the chart in this image for me,vision.analyze
please paint the northern lights as digital art quickly,media.image_generate
hey jarvis what is a formula 1 car for me,info.factual
could you history of blockchain for me,info.factual
can you create a picture of monsoons thanks,media.image_generate
show me headlines about science quickly,info.news
history of blockchain please,info.factual
could you write code to unit tests for my parser thanks,task.code
jarvis (45+55)/4 equals what quickly,info.math
can you look up leonardo da vinci online,web.browse
write code to unit tests for my parser thanks,task.code
jarvis write code to why my for loop is off by one thanks,task.code
could you how do a formula 1 car work please,info.factual
reply to this email politely now,email.draft
could you what did i tell you earlier,memory.recall
can you i want details about goa?,info.factual
jarvis note that i prefer dark mode now,memory.remember
is it going to rain in tokyo thanks,info.weather
hey jarvis what do you know about shah rukh khan,info.factual
ok jarvis who is virat kohli show me his image please,media.image_search
ok jarvis find a youtube video on sports quickly,media.video_search
please paint cherry blossoms as digital art thanks,media.image_generate
hey jarvis is it going to rain in mumbai for me,info.weather
what is in this image for me,vision.analyze
hey jarvis hi,smalltalk.greeting
show me headlines about space thanks,info.news
jarvis where is dubai please,info.factual
can you find photos of kerala?,media.image_search
bye please,smalltalk.bye
ok jarvis draft an essay on climate change now,doc.write
ok jarvis what is water in spanish?,info.translate
ok jarvis facts about virat kohli for me,info.factual
look up lata mangeshkar online for me,web.browse
could you what are you?,smalltalk.identity
please (45+55)/4 equals what now,info.math
jarvis browse to linkedin.com now,action.web_open
jarvis how hot is it in bangalore thanks,info.weather
please paint solar panels as digital art?,media.image_generate
jarvis compute 120 / 8 - 5 for me for me,info.math
jarvis search the web for science please,web.browse
hey jarvis make a word document about renewable energy please,doc.write
could you define entropy for me,info.definition
please help me with reverse a linked list in python for me,task.code
can you definition of the word algorithm thanks,info.definition
take me to wikipedia please,action.web_open
please can you open visual studio code thanks,action.open_app
ok jarvis find photos of kerala,media.image_search
jarvis find a youtube video on business for me,media.video_search
jarvis open this link and summarize it?,web.browse
could you show me headlines about cricket?,info.news
can you show me a tutorial for why my for loop is off by one quickly,media.video_search
ok jarvis show me a picture of a mechanical keyboard quickly,media.image_search
please hi buddy please,smalltalk.greeting
hey jarvis where is the eiffel tower?,info.factual
ok jarvis see you later thanks,smalltalk.bye
jarvis note that i prefer dark mode please,memory.remember
ok jarvis who is confucius?,info.factual
ok jarvis what does photosynthesis mean,info.definition
could you compute 2^10 for me please,info.math
search the web for space now,web.browse
ok jarvis find articles about science please,web.browse
could you how does the space shuttle work thanks,info.factual
ok jarvis make a wallpaper of tokyo please,media.image_generate
hey jarvis what's today's date?,info.time
create a pdf with a report about renewable energy?,doc.write
jarvis definition of the word serendipity thanks,info.definition
could you visualize a lamborghini in neon style,media.image_generate
hey jarvis what is vaccines thanks,info.factual
jarvis ai generate a blue whale,media.image_generate
thanks a lot jarvis thanks,smalltalk.thanks
could you latest science news?,info.news
please summarise a black hole for me for me,info.factual
please i want to see blockchain for me,media.image_search
hey jarvis what is in this image for me,vision.analyze
please what does wikipedia say about kerala now,web.browse
could you send me pictures of kerala quickly,media.image_search
jarvis how does a mechanical keyboard work thanks,info.factual
ok jarvis show me images of cherry blossoms quickly,media.image_search
please what do you know about solar panels thanks,info.factual
start whatsapp for me,action.open_app
show me headlines about science thanks,info.news
go to gmail thanks,action.web_open
hey jarvis what is your name,smalltalk.identity
can you break this project into steps now,task.plan
jarvis see you later?,smalltalk.bye
jarvis run chrome for me,action.open_app
ok jarvis namaste thanks,smalltalk.greeting
could you can you open chrome please,action.open_app
jarvis summarise the internet for me thanks,info.factual
ok jarvis is it going to rain in mumbai now,info.weather
ok jarvis show me a tutorial for a regex for email validation now,media.video_search
jarvis find a youtube video on sports for me,media.video_search
please explain a red panda,info.factual
ok jarvis who was nikola tesla,info.factual
could you show me images of tokyo,media.image_search
can you forecast for tokyo,info.weather
could you what does monsoon mean now,info.definition
jarvis what are vaccines?,info.factual
can you 120 / 8 - 5 equals what,info.math
ok jarvis paint a black hole as digital art?,media.image_generate
ok jarvis who were mahatma gandhi,info.factual
jarvis search the web for science thanks,web.browse
jarvis ai generate the internet,media.image_generate
please play a video about world news quickly,media.video_search
can you temperature in sydney right now for me,info.weather
could you find a youtube video on business now,media.video_search
please find articles about technology quickly,web.browse
can you give me information on the northern lights,info.factual
hey jarvis put the laptop to sleep,action.system_control
compute sqrt(144) for me please,info.math
ok jarvis can you open spotify?,action.open_app
jarvis history of leh ladakh,info.factual
ok jarvis open the settings app please,action.open_app
could you write meeting minutes from my notes,doc.write
please tell me about cv raman,info.factual
open the google chrome app,action.open_app
hey jarvis draw the northern lights please,media.image_generate
ok jarvis tell me about alan turing?,info.factual
jarvis explain the space shuttle to me please,info.factual
can you find photos of frida kahlo,media.image_search
definition of the word recursion now,info.definition
please show me a tutorial for why my for loop is off by one please,media.video_search
can you give me the dictionary meaning of photosynthesis?,info.definition
please can you open chrome?,action.open_app
could you who was virat kohli?,info.factual
could you tell me about apj abdul kalam thanks,info.factual
please translate this sentence into arabic?,info.translate
hey jarvis show me headlines about space please,info.news
please play a video about cricket now,media.video_search
can you visualize photosynthesis in neon style quickly,media.image_generate
could you show me images of tokyo?,media.image_search
temperature in mumbai right now for me,info.weather
can you increase the volume?,action.system_control
hey jarvis don't forget that i work as a backend developer thanks,memory.remember
could you put the laptop to sleep,action.system_control
who is mary shelley please,info.factual
hey jarvis make a wallpaper of mount everest please,media.image_generate
could you create a picture of a peacock please,media.image_generate
hey jarvis screenshot this window?,action.screenshot
jarvis facts about photosynthesis?,info.factual
hey jarvis show me a tutorial for reverse a linked list in python?,media.video_search
hey jarvis play some music video quickly,media.video_search
hey jarvis explain the space shuttle?,info.factual
image of nelson mandela,media.image_search
hey jarvis what are solar panels quickly,info.factual
please open vs code?,action.open_app
look up nelson mandela online now,web.browse
jarvis explain the space shuttle to me?,info.factual
can you debug why my for loop is off by one for me,task.code
hey jarvis open terminal,action.open_app
could you i need a study schedule for exams quickly,task.plan
make a roadmap to learn machine learning,task.plan
please keep in mind i live in pune quickly,memory.remember
forecast for bangalore?,info.weather
hey jarvis show me headlines about science thanks,info.news
could you browse to wikipedia.com for me,action.web_open
ok jarvis find photos of sachin tendulkar for me,media.image_search
hey jarvis what are a red panda,info.factual
hey jarvis what is the speed of light now,info.factual
jarvis hey there for me,smalltalk.greeting
jarvis temperature in delhi right now for me,info.weather
jarvis summarize this into a report now,doc.write
could you any updates on business please,info.news
hey jarvis show me images of kerala,media.image_search
who is elon musk show me his image thanks,media.image_search
jarvis give me the dictionary meaning of entropy please,info.definition
please define photosynthesis thanks,info.definition
ok jarvis give me the dictionary meaning of serendipity please,info.definition
could you who are you now,smalltalk.identity
can you who is ibn sina show me his image thanks,media.image_search
what's today's date now,info.time
jarvis where is the eiffel tower now,info.factual
jarvis what's the weather?,info.weather
can you explain cherry blossoms to me for me,info.factual
hey jarvis open the terminal app quickly,action.open_app
please history of a lamborghini now,info.factual
please show me images of a mechanical keyboard?,media.image_search
jarvis i want to see the internet,media.image_search
weather in tokyo please,info.weather
please i want to see goa thanks,media.image_search
please save this: i am allergic to peanuts thanks,memory.remember
could you put the laptop to sleep?,action.system_control
open youtube in the browser for me,action.web_open
show me images of the internet?,media.image_search
could you keep in mind i prefer dark mode quickly,memory.remember
tell me more about ada lovelace,info.factual
hey jarvis temperature in new york right now?,info.weather
hey jarvis thank you so much quickly,smalltalk.thanks
can you help me with a python script to rename files quickly,task.code
ok jarvis who is serena williams please,info.factual
could you who is katherine johnson quickly,info.factual
could you draft an email to my boss about leave please,email.draft
what was a black hole for me,info.factual
weather in sydney please,info.weather
create a task list for the website launch thanks,task.plan
could you tell me about apj abdul kalam quickly,info.factual
please what are cherry blossoms now,info.factual
can you show me a tutorial for a regex for email validation?,media.video_search
how does solar panels work please,info.factual
could you what commands do you support now,smalltalk.capabilities
can you summarise the space shuttle for me please,info.factual
jarvis note that my birthday is on 3rd april please,memory.remember
prioritize these tasks for me quickly,task.plan
can you why is cherry blossoms important,info.factual
don't forget that my birthday is on 3rd april quickly,memory.remember
could you who was nelson mandela please,info.factual
please give me a quick overview of dna,info.factual
can you jarvis you there now,smalltalk.greeting
ok jarvis forecast for london?,info.weather
jarvis how do you say thank you in tamil thanks,info.translate
how much is 50 euro in dollars now,info.currency
please plan my week,task.plan
jarvis explain a blue whale to me,info.factual
don't forget that i live in pune for me,memory.remember
jarvis send me pictures of mount everest for me,media.image_search
jarvis who are you,smalltalk.identity
hey jarvis meaning of photosynthesis?,info.definition
please 23 * 47 equals what?,info.math
can you compose an email requesting a meeting?,email.draft
please ai generate the internet please,media.image_generate
could you what are earthquakes thanks,info.factual
ok jarvis ocr this image,vision.analyze
hey jarvis facts about cleopatra?,info.factual
jarvis don't forget that i live in pune please,memory.remember
ok jarvis debug a regex for email validation now,task.code
hey jarvis what is 15% of 2400?,info.math
could you weather in new york please,info.weather
can you give me information on kerala?,info.factual
hey jarvis facts about virat kohli for me,info.factual
jarvis visualize a lamborghini in neon style thanks,media.image_generate
ok jarvis analyse the chart in this image please,vision.analyze
ok jarvis can you open spotify thanks,action.open_app
ok jarvis launch settings,action.open_app
can you explain the immune system to me quickly,info.factual
ok jarvis browse to linkedin.com please,action.web_open
can you how does the internet work for me,info.factual
ok jarvis who were mahatma gandhi for me,info.factual
show me images of nuclear fusion?,media.image_search
please who was nelson mandela please,info.factual
please thank you so much,smalltalk.thanks
can you break this project into steps?,task.plan
could you who is confucius?,info.factual
can you who is serena williams quickly,info.factual
ok jarvis who were frida kahlo,info.factual
can you solve 9 factorial thanks,info.math
can you send me pictures of paris?,media.image_search
could you who was steve jobs thanks,info.factual
hey jarvis create a pdf with a resume for a data analyst thanks,doc.write
open this link and summarize it please,web.browse
please is it going to rain in delhi for me,info.weather
please meaning of monsoon for me,info.definition
hey jarvis what was the space shuttle thanks,info.factual
hey jarvis save this: i prefer dark mode quickly,memory.remember
could you search the web for science thanks,web.browse
ok jarvis summarize this into a report quickly,doc.write
please search the web for science please,web.browse
can you help me with a fastapi endpoint for uploads please,task.code
jarvis what time is it thanks,info.time
hey jarvis history of a lamborghini,info.factual
jarvis find articles about technology quickly,web.browse
hey jarvis facts about the space shuttle please,info.factual
save this: my favourite colour is blue please,memory.remember
please don't forget that i work as a backend developer thanks,memory.remember
hey jarvis i need a study schedule for exams quickly,task.plan
jarvis thanks quickly,smalltalk.thanks
hey jarvis tell me the current time for me,info.time
can you definition of the word photosynthesis quickly,info.definition
can you definition of the word algorithm,info.definition
hey jarvis what was the northern lights quickly,info.factual
jarvis open the spotify app quickly,action.open_app
ok jarvis write code to a fastapi endpoint for uploads thanks,task.code
please any updates on sports?,info.news
jarvis open twitter in the browser thanks,action.web_open
could you when did india gain independence for me,info.factual
jarvis open google?,action.web_open
can you meaning of algorithm?,info.definition
could you where is leh ladakh?,info.factual
could you ai generate quantum computing quickly,media.image_generate
can you where do i live please,memory.recall
hey jarvis go to wikipedia,action.web_open
could you who is serena williams quickly,info.factual
can you find articles about ai now,web.browse
translate this sentence into hindi quickly,info.translate
hey jarvis create a picture of machine learning thanks,media.image_generate
jarvis compute 2^10 for me please,info.math
can you analyse the chart in this image for me,vision.analyze
hey jarvis give me information on the taj mahal,info.factual
can you create a pdf with a resume for a data analyst thanks,doc.write
could you go to linkedin quickly,action.web_open
can you who were serena williams now,info.factual
could you scan this receipt please,vision.analyze
hey jarvis show me headlines about space thanks,info.news
could you hello,smalltalk.greeting
can you translate good morning to arabic?,info.translate
can you show me a picture of iceland please,media.image_search
could you open stack overflow in the browser thanks,action.web_open
hey jarvis extract the text from this docx?,doc.read
jarvis translate this sentence into japanese,info.translate
can you great job now,smalltalk.thanks
please keep in mind i prefer dark mode quickly,memory.remember
get me a gallery of dubai?,media.image_search
hey jarvis hi buddy?,smalltalk.greeting
weather in bangalore now,info.weather
ok jarvis how hot is it in mumbai thanks,info.weather
translate good morning to german please,info.translate
can you draft an email to my boss about leave for me,email.draft
jarvis where is kerala now,info.factual
could you create a poster for a music festival?,media.image_generate
hey jarvis prioritize these tasks for me,task.plan
could you what are earthquakes please,info.factual
hey jarvis who is srinivasa ramanujan show me his image now,media.image_search
could you go through this report and tell me the key points now,doc.read
could you don't forget that i prefer dark mode please,memory.remember
what is water in hindi thanks,info.translate
jarvis debug a python script to rename files thanks,task.code
please weather in tokyo,info.weather
please what do you know about nikola tesla now,info.factual
hey jarvis weather in new york thanks,info.weather
could you make a wallpaper of iceland now,media.image_generate
could you calculate 120 / 8 - 5 thanks,info.math
jarvis summarise the internet for me now,info.factual
ok jarvis tell me about dubai now,info.factual
jarvis draw the internet,media.image_generate
help me with fix this stack trace please,task.code
jarvis who are you thanks,smalltalk.identity
hey jarvis tell me about ratan tata please,info.factual
could you great job for me,smalltalk.thanks
please who were serena williams thanks,info.factual
please write a resume for a data analyst please,doc.write
jarvis help me with reverse a linked list in python,task.code
could you paint a lamborghini as digital art thanks,media.image_generate
find articles about science quickly,web.browse
please open the visual studio code app for me,action.open_app
can you what did i tell you earlier?,memory.recall
jarvis explain monsoons for me,info.factual
can you how do i use you please,smalltalk.capabilities
hey jarvis who were confucius please,info.factual
jarvis who were cristiano ronaldo?,info.factual
hey there please,smalltalk.greeting
can you give me a quick overview of dubai quickly,info.factual
how do you say thank you in arabic quickly,info.translate
hey jarvis launch settings,action.open_app
could you how do machine learning work?,info.factual
ok jarvis calculate 23 * 47,info.math
could you do you know my job thanks,memory.recall
ok jarvis what is 15% of 2400 please,info.math
ok jarvis how hot is it in mumbai?,info.weather
can you i want to see blockchain?,media.image_search
could you what was the northern lights for me,info.factual
jarvis give me information on the northern lights please,info.factual
hey jarvis show me headlines about space now,info.news
ok jarvis what was cherry blossoms,info.factual
draft a resume for a data analyst now,doc.write
hey jarvis exchange rate for gbp to inr for me,info.currency
jarvis open the visual studio code app for me,action.open_app
could you take me to youtube quickly,action.web_open
ok jarvis what is a red panda,info.factual
hey jarvis explain the space shuttle to me please,info.factual
can you draw quantum computing quickly,media.image_generate
meaning of serendipity?,info.definition
ok jarvis summarize the attached document thanks,doc.read
ok jarvis meaning of monsoon for me,info.definition
debug a regex for email validation thanks,task.code
ok jarvis can you open camera quickly,action.open_app
jarvis help me with reverse a linked list in python for me,task.code
please goodbye jarvis now,smalltalk.bye
hey jarvis meaning of entropy please,info.definition
can you restart my pc for me,action.system_control
jarvis hey there please,smalltalk.greeting
hey jarvis what does machine learning look like quickly,media.image_search
ok jarvis ai generate quantum computing,media.image_generate
hey jarvis calculate 15% of 2400,info.math
hey jarvis take me to reddit?,action.web_open
jarvis tell me about dubai thanks,info.factual
hey jarvis who were frida kahlo,info.factual
hey jarvis go to wikipedia now,action.web_open
debug a regex for email validation now,task.code
jarvis start vs code for me?,action.open_app
hey jarvis what is nuclear fusion quickly,info.factual
please browse to twitter.com,action.web_open
please who are you now,smalltalk.identity
ok jarvis who was virat kohli for me,info.factual
could you hey jarvis,smalltalk.greeting
save this: my favourite colour is blue for me,memory.remember
could you can you open spotify,action.open_app
hey jarvis write meeting minutes from my notes,doc.write
can you translate good morning to tamil?,info.translate
jarvis don't forget that i live in pune for me,memory.remember
jarvis where is kerala thanks,info.factual
ok jarvis open github?,action.web_open
please how does solar panels work please,info.factual
please give me a quick overview of solar panels?,info.factual
please what are the northern lights quickly,info.factual
could you give me information on iceland,info.factual
could you show me a tutorial for a fastapi endpoint for uploads?,media.video_search
hey jarvis that was helpful thanks quickly,smalltalk.thanks
play a video about space?,media.video_search
can you why is elon musk important,info.factual
hey jarvis plan my week please,task.plan
could you temperature in delhi right now?,info.weather
ok jarvis get me a gallery of the grand canyon,media.image_search
hey jarvis note that i work as a backend developer quickly,memory.remember
jarvis what does wikipedia say about srinivasa ramanujan?,web.browse
jarvis debug why my for loop is off by one for me,task.code
could you give me the dictionary meaning of entropy,info.definition
jarvis any updates on cricket now,info.news
can you image of the grand canyon?,media.image_search
jarvis why is the sky blue,info.factual
ok jarvis play a video about business quickly,media.video_search
could you what model are you,smalltalk.identity
please compose an email requesting a meeting quickly,email.draft
what does entropy mean please,info.definition
ok jarvis help me with a regex for email validation quickly,task.code
ok jarvis any updates on world news now,info.news
what model are you quickly,smalltalk.identity
please help me with unit tests for my parser,task.code
ok jarvis take a screenshot,action.screenshot
ok jarvis write code to a python script to rename files for me,task.code
ok jarvis summarize the attached document quickly,doc.read
please latest business news quickly,info.news
could you find articles about cricket for me,web.browse
can you keep in mind i prefer dark mode please,memory.remember
ok jarvis who is srinivasa ramanujan show me his image thanks,media.image_search
please launch firefox quickly,action.open_app
ok jarvis explain the space shuttle please,info.factual
please how does the internet work now,info.factual
hey jarvis find a youtube video on science for me,media.video_search
could you play a video about cricket now,media.video_search
could you any updates on cricket thanks,info.news
could you image of leonardo da vinci quickly,media.image_search
can you history of paris please,info.factual
ok jarvis compose an email requesting a meeting quickly,email.draft
can you when did india gain independence for me,info.factual
hey jarvis grab a picture of the screen quickly,action.screenshot
hey jarvis who was steve jobs thanks,info.factual
ok jarvis make a wallpaper of mount everest thanks,media.image_generate
can you remember that i work as a backend developer,memory.remember
please paint solar panels as digital art thanks,media.image_generate
can you make a wallpaper of mount everest thanks,media.image_generate
ok jarvis look up lata mangeshkar online?,web.browse
hey jarvis i want details about dubai quickly,info.factual
ok jarvis run this python snippet,task.code
ok jarvis give me information on iceland please,info.factual
hey jarvis who is marie curie show me his image thanks,media.image_search
jarvis keep in mind my birthday is on 3rd april now,memory.remember
what does monsoon mean?,info.definition
jarvis any updates on science thanks,info.news
jarvis hey there now,smalltalk.greeting
jarvis meaning of photosynthesis please,info.definition
ok jarvis play some music video quickly,media.video_search
jarvis find articles about cricket?,web.browse
can you restart my pc please,action.system_control
please translate this sentence into arabic quickly,info.translate
translate good morning to tamil now,info.translate
ok jarvis who was homi bhabha?,info.factual
go to stack overflow,action.web_open
could you remember that i live in pune,memory.remember
can you make a roadmap to learn machine learning,task.plan
hey jarvis what does wikipedia say about kerala for me,web.browse
hey jarvis make me an image of a futuristic city now,media.image_generate
could you what is a red panda,info.factual
could you help me with a fastapi endpoint for uploads?,task.code
hey jarvis talk to you tomorrow thanks,smalltalk.bye
hey jarvis debug unit tests for my parser thanks,task.code
hey jarvis open google?,action.web_open
can you save this: i work as a backend developer,memory.remember
jarvis definition of the word entropy?,info.definition
ok jarvis explain cherry blossoms to me for me,info.factual
hey jarvis hi buddy now,smalltalk.greeting
ok jarvis what do you know about shah rukh khan,info.factual
ok jarvis what do you know about a blue whale,info.factual
hey jarvis save this: i am allergic to peanuts?,memory.remember
could you where is leh ladakh now,info.factual
could you who is elon musk show me his image quickly,media.image_search
could you make a wallpaper of dubai?,media.image_generate
can you open the spotify app?,action.open_app
forecast for delhi thanks,info.weather
jarvis define entropy,info.definition
can you great job for me,smalltalk.thanks
weather in tokyo,info.weather
please show me a picture of mount everest quickly,media.image_search
please meaning of monsoon,info.definition
could you send me pictures of mount everest now,media.image_search
could you write code to a python script to rename files?,task.code
please weather in london for me,info.weather
jarvis mute the sound please,action.system_control
could you open linkedin please,action.web_open
ok jarvis explain a red panda to me for me,info.factual
ok jarvis find articles about ai?,web.browse
ok jarvis find a youtube video on world news,media.video_search
hey jarvis help me with a regex for email validation now,task.code
jarvis translate this sentence into tamil?,info.translate
what is photosynthesis now,info.factual
ok jarvis open camera quickly,action.open_app
hey jarvis play a video about ai quickly,media.video_search
hey jarvis show me images of cherry blossoms?,media.image_search
could you what does wikipedia say about rosalind franklin thanks,web.browse
jarvis explain a blue whale to me for me,info.factual
please what is water in spanish for me,info.translate
hey jarvis give me information on the northern lights please,info.factual
could you create a pdf with a resume for a data analyst for me,doc.write
can you shutting down for today?,smalltalk.bye
jarvis generate an image of a blue whale,media.image_generate
jarvis show me a picture of cristiano ronaldo thanks,media.image_search
please facts about cristiano ronaldo?,info.factual
could you show me what you can do,smalltalk.capabilities
ok jarvis give me information on the taj mahal now,info.factual
jarvis solve 120 / 8 - 5,info.math
hey jarvis show me a picture of mount everest quickly,media.image_search
ok jarvis compute sqrt(144) for me for me,info.math
jarvis turn off wifi?,action.system_control
please where is kerala now,info.factual
jarvis show me a picture of cristiano ronaldo,media.image_search
jarvis browse to linkedin.com quickly,action.web_open
ok jarvis temperature in bangalore right now quickly,info.weather
jarvis go to wikipedia quickly,action.web_open
hey jarvis hi buddy please,smalltalk.greeting
hey jarvis look up lata mangeshkar online for me,web.browse
jarvis meaning of photosynthesis?,info.definition
please show me a picture of mount everest now,media.image_search
hey jarvis show me python for unit tests for my parser please,task.code
could you thanks a lot jarvis please,smalltalk.thanks
bye now,smalltalk.bye
can you calculate 23 * 47 now,info.math
hey jarvis restart my pc for me,action.system_control
hey jarvis what does serendipity mean,info.definition
jarvis plan my week?,task.plan
hey jarvis define monsoon please,info.definition
could you write an essay on climate change quickly,doc.write
make a wallpaper of tokyo please,media.image_generate
please appreciate it?,smalltalk.thanks
ok jarvis read the text in this picture,vision.analyze
break this project into steps now,task.plan
jarvis define photosynthesis please,info.definition
ok jarvis forecast for berlin,info.weather
jarvis where is the eiffel tower?,info.factual
ok jarvis image of virat kohli thanks,media.image_search
could you explain cherry blossoms to me for me,info.factual
please give me a quick overview of dna quickly,info.factual
hey jarvis remove that memory please,memory.forget
jarvis give me a quick overview of monsoons?,info.factual
jarvis write a mail to the client thanks,email.draft
can you paint cherry blossoms as digital art,media.image_generate
hey jarvis draw the internet please,media.image_generate
ok jarvis what do you know about a blue whale now,info.factual
ok jarvis remember that i prefer dark mode quickly,memory.remember
find a youtube video on business for me,media.video_search
please who was homi bhabha?,info.factual
weather in tokyo quickly,info.weather
please find articles about world news,web.browse
please open google please,action.web_open
can you i want to see solar panels thanks,media.image_search
hey jarvis look up lata mangeshkar online?,web.browse
hey jarvis what's the news today?,info.news
can you get me a gallery of the eiffel tower?,media.image_search
save this: i prefer dark mode?,memory.remember
jarvis run visual studio code thanks,action.open_app
jarvis send me pictures of leh ladakh,media.image_search
could you image of leonardo da vinci please,media.image_search
jarvis explain the immune system to me thanks,info.factual
could you save this: i work as a backend developer?,memory.remember
hey jarvis what was the northern lights now,info.factual
please how hot is it in mumbai,info.weather
jarvis who is cristiano ronaldo?,info.factual
jarvis find photos of kerala,media.image_search
ok jarvis create a picture of solar panels please,media.image_generate
please temperature in tokyo right now,info.weather
please start settings for me thanks,action.open_app
please talk to you tomorrow thanks,smalltalk.bye
ok jarvis facts about cleopatra,info.factual
could you give me the dictionary meaning of photosynthesis thanks,info.definition
jarvis who are you now,smalltalk.identity
go to gmail please,action.web_open
note that my favourite colour is blue,memory.remember
forecast for bangalore,info.weather
ok jarvis meaning of monsoon,info.definition
could you browse to reddit.com thanks,action.web_open
jarvis definition of the word photosynthesis?,info.definition
latest ai news?,info.news
hey jarvis draft a report about renewable energy now,doc.write
jarvis open google quickly,action.web_open
please how do you say thank you in french now,info.translate
can you what does wikipedia say about srinivasa ramanujan,web.browse
hey jarvis calculate 120 / 8 - 5 thanks,info.math
jarvis give me the dictionary meaning of algorithm quickly,info.definition
show me a tutorial for why my for loop is off by one for me,media.video_search
hey jarvis explain the space shuttle to me,info.factual
hey jarvis play a video about space?,media.video_search
jarvis go to wikipedia now,action.web_open
write a mail to the client,email.draft
ok jarvis compose an email requesting a meeting?,email.draft
jarvis what does wikipedia say about goa now,web.browse
ok jarvis browse to twitter.com thanks,action.web_open
could you keep in mind my favourite colour is blue for me,memory.remember
jarvis visualize quantum computing in neon style,media.image_generate
jarvis tell me about ratan tata thanks,info.factual
start firefox for me thanks,action.open_app
could you recall my preferences,memory.recall
ok jarvis visualize gravity in neon style please,media.image_generate
ok jarvis what do you know about solar panels please,info.factual
please ai generate quantum computing quickly,media.image_generate
good morning for me,smalltalk.greeting
please definition of the word photosynthesis quickly,info.definition
can you translate good morning to spanish now,info.translate
jarvis i want details about kerala thanks,info.factual
jarvis who was virat kohli?,info.factual
jarvis run whatsapp thanks,action.open_app
could you goodbye jarvis now,smalltalk.bye
ok jarvis show me a picture of a mechanical keyboard thanks,media.image_search
ok jarvis who were cristiano ronaldo thanks,info.factual
screenshot this window for me,action.screenshot
jarvis plan my week please,task.plan
what are solar panels,info.factual
can you solve 18 + 27 * 3 please,info.math
hey jarvis describe this photo?,vision.analyze
could you delete what you know about me for me,memory.forget
jarvis how hot is it in tokyo?,info.weather
please can you open chrome,action.open_app
can you debug reverse a linked list in python?,task.code
jarvis what do you remember about me,memory.recall
who was steve jobs for me,info.factual
can you how hot is it in delhi quickly,info.weather
who is elon musk show me his image please,media.image_search
hey jarvis tell me more about the immune system now,info.factual
could you tell me the current time?,info.time
jarvis who is ibn sina show me his image?,media.image_search
can you are you an ai thanks,smalltalk.identity
ok jarvis forecast for berlin please,info.weather
could you i want details about the grand canyon please,info.factual
hey jarvis start google chrome for me please,action.open_app
hey jarvis create a pdf with an essay on climate change quickly,doc.write
give me the dictionary meaning of photosynthesis thanks,info.definition
can you show me python for a python script to rename files please,task.code
tell me more about elon musk?,info.factual
please how hot is it in mumbai thanks,info.weather
please remember that my birthday is on 3rd april quickly,memory.remember
jarvis definition of the word entropy for me,info.definition
hey jarvis image of cv raman now,media.image_search
jarvis draw the northern lights please,media.image_generate
note that my favourite colour is blue please,memory.remember
ok jarvis show me headlines about world news for me,info.news
please remember that my birthday is on 3rd april now,memory.remember
hey jarvis for me,smalltalk.greeting
please start vs code for me?,action.open_app
ok jarvis show me python for fix this stack trace now,task.code
could you get me a gallery of the grand canyon thanks,media.image_search
ok jarvis who is confucius,info.factual
please translate this sentence into arabic thanks,info.translate
hey jarvis definition of the word algorithm,info.definition
hey jarvis what do you know about a blue whale for me,info.factual
could you how many days until new year,info.time
ok jarvis get me a gallery of the grand canyon?,media.image_search
jarvis open the settings app please,action.open_app
could you go to linkedin please,action.web_open
please how does solar panels work?,info.factual
ok jarvis give me a quick overview of a black hole for me,info.factual
ok jarvis convert 100 usd to inr please,info.currency
could you translate this sentence into hindi?,info.translate
could you start whatsapp for me now,action.open_app
could you send me pictures of tokyo,media.image_search
could you image of leonardo da vinci,media.image_search
look up taylor swift online please,web.browse
please what does the immune system look like please,media.image_search
hey jarvis image of cv raman?,media.image_search
hey jarvis explain the space shuttle thanks,info.factual
hey jarvis facts about the space shuttle,info.factual
please history of a lamborghini please,info.factual
can you solve 15% of 2400 please,info.math
ok jarvis explain cherry blossoms to me quickly,info.factual
jarvis get me a gallery of dubai?,media.image_search
please don't forget that i am allergic to peanuts please,memory.remember
please what are the northern lights?,info.factual
hey jarvis take me to github now,action.web_open
who was leonardo da vinci thanks,info.factual
jarvis any updates on science quickly,info.news
temperature in sydney right now?,info.weather
ok jarvis show me a picture of a mechanical keyboard for me,media.image_search
could you don't forget that i am allergic to peanuts now,memory.remember
could you debug fix this stack trace quickly,task.code
jarvis solve 120 / 8 - 5 now,info.math
jarvis take a screenshot,action.screenshot
hey jarvis go to linkedin please,action.web_open
please what are your capabilities now,smalltalk.capabilities
could you wake up jarvis for me,smalltalk.greeting
hey jarvis create a pdf with meeting minutes from my notes?,doc.write
could you find articles about sports quickly,web.browse
could you i want details about kerala thanks,info.factual
please how many days until new year,info.time
jarvis open github now,action.web_open
hey jarvis what does wikipedia say about sachin tendulkar,web.browse
can you show me images of the internet,media.image_search
please send me pictures of paris please,media.image_search
can you how hot is it in delhi please,info.weather
hey jarvis who were nelson mandela now,info.factual
please get me a gallery of goa,media.image_search
jarvis shutdown the computer,action.system_control
can you play a video about ai thanks,media.video_search
ok jarvis go to twitter,action.web_open
ok jarvis forecast for delhi,info.weather
hey jarvis how do the northern lights work for me,info.factual
could you show me what you can do?,smalltalk.capabilities
compute (45+55)/4 for me now,info.math
please where is the taj mahal quickly,info.factual
could you show me her picture quickly,media.image_search
could you start notepad for me thanks,action.open_app
please visualize a lamborghini in neon style now,media.image_generate
ok jarvis ocr this image quickly,vision.analyze
could you explain the immune system to me quickly,info.factual
can you temperature in mumbai right now,info.weather
find a youtube video on cricket thanks,media.video_search
could you who is lionel messi show me his image thanks,media.image_search
could you 2^10 equals what?,info.math
could you what does the space shuttle look like thanks,media.image_search
please what does wikipedia say about kerala for me,web.browse
can you is it going to rain in delhi for me,info.weather
jarvis explain earthquakes to me,info.factual
ok jarvis image of virat kohli?,media.image_search
can you make a wallpaper of kerala for me,media.image_generate
could you (45+55)/4 equals what quickly,info.math
ok jarvis define monsoon thanks,info.definition
jarvis find a youtube video on sports now,media.video_search
can you solve 18 + 27 * 3 for me,info.math
hey jarvis how hot is it in london now,info.weather
jarvis give me a quick overview of solar panels thanks,info.factual
jarvis show me a picture of a mechanical keyboard for me,media.image_search
ok jarvis who is marie curie show me his image thanks,media.image_search
hey jarvis what is 9 factorial?,info.math
ok jarvis save this: my birthday is on 3rd april please,memory.remember
can you when did india gain independence thanks,info.factual
please compute 23 * 47 for me please,info.math
ok jarvis history of leh ladakh for me,info.factual
hey jarvis open the visual studio code app?,action.open_app
hey jarvis solve (45+55)/4 for me,info.math
can you help me with a fastapi endpoint for uploads?,task.code
ok jarvis who is katherine johnson quickly,info.factual
please run firefox quickly,action.open_app
can you what does entropy mean for me,info.definition
please how does the space shuttle work for me,info.factual
can you what is water in french?,info.translate
hey jarvis go to linkedin quickly,action.web_open
can you who wrote the mahabharata please,info.factual
please launch camera quickly,action.open_app
hey jarvis remember that i prefer dark mode now,memory.remember
jarvis where is dubai quickly,info.factual
translate good morning to spanish for me,info.translate
hey jarvis forecast for london thanks,info.weather
jarvis show me a picture of a mechanical keyboard quickly,media.image_search
please launch spotify quickly,action.open_app
hey jarvis who is ibn sina show me his image thanks,media.image_search
ok jarvis write a report about renewable energy?,doc.write
show his photo now,media.image_search
could you take me to gmail quickly,action.web_open
please generate an image of solar panels now,media.image_generate
jarvis good night quickly,smalltalk.bye
can you open stack overflow in the browser?,action.web_open
hey jarvis calculate (45+55)/4 for me,info.math
hey jarvis help me with reverse a linked list in python please,task.code
can you forecast for tokyo?,info.weather
hey jarvis draft an email to my boss about leave for me,email.draft
hey jarvis facts about cleopatra thanks,info.factual
could you send me pictures of tokyo for me,media.image_search
hey jarvis can you do tasks for me please,smalltalk.capabilities
can you can you open file explorer quickly,action.open_app
hey jarvis remember that i am allergic to peanuts,memory.remember
debug a regex for email validation?,task.code
give me a quick overview of solar panels?,info.factual
jarvis how does a peacock work for me,info.factual
hey jarvis help me with unit tests for my parser quickly,task.code
could you hey there now,smalltalk.greeting
hey jarvis scan this receipt please,vision.analyze
please show me a tutorial for a python script to rename files quickly,media.video_search
could you translate good morning to german please,info.translate
ok jarvis tell me about yourself,smalltalk.identity
hey jarvis ai generate a blue whale please,media.image_generate
ok jarvis do you know my job thanks,memory.recall
hey jarvis how do the northern lights work?,info.factual
can you run visual studio code thanks,action.open_app
hey jarvis compute 23 * 47 for me?,info.math
could you visualize a black hole in neon style thanks,media.image_generate
can you find photos of sachin tendulkar now,media.image_search
can you browse to linkedin.com quickly,action.web_open
can you explain a red panda for me,info.factual
ok jarvis tell me about marie curie,info.factual
hey jarvis that was helpful thanks?,smalltalk.thanks
hey jarvis show me images of cherry blossoms quickly,media.image_search
find articles about technology,web.browse
could you launch firefox now,action.open_app
tell me about alan turing please,info.factual
please open the camera app quickly,action.open_app
find photos of frida kahlo thanks,media.image_search
hey jarvis solve 2^10 now,info.math
can you show me images of nuclear fusion?,media.image_search
ok jarvis calculate 23 * 47 now,info.math
please temperature in mumbai right now?,info.weather
can you visualize photosynthesis in neon style thanks,media.image_generate
ok jarvis show me python for fix this stack trace?,task.code
please write code to a fastapi endpoint for uploads now,task.code
hey jarvis run chrome quickly,action.open_app
can you who were nelson mandela thanks,info.factual
generate an image of mount everest for me,media.image_generate
ok jarvis weather in berlin?,info.weather
what do you know about nikola tesla thanks,info.factual
ok jarvis find photos of frida kahlo thanks,media.image_search
ok jarvis run youtube app thanks,action.open_app
hey jarvis browse to github.com?,action.web_open
please get the content of this url?,web.browse
could you find articles about cricket?,web.browse
could you weather in london now,info.weather
jarvis turn off wifi for me,action.system_control
jarvis paint cherry blossoms as digital art thanks,media.image_generate
can you draft a report about renewable energy please,doc.write
could you give me information on iceland please,info.factual
please facts about cristiano ronaldo for me,info.factual
hey jarvis hi thanks,smalltalk.greeting
jarvis you there now,smalltalk.greeting
can you open wikipedia please,action.web_open
ok jarvis send me pictures of leh ladakh quickly,media.image_search
can you show me python for reverse a linked list in python?,task.code
hey jarvis give me a quick overview of dna now,info.factual
could you do you know my job quickly,memory.recall
write an essay on climate change quickly,doc.write
120 / 8 - 5 equals what,info.math
could you start whatsapp for me,action.open_app
can you solve (45+55)/4 now,info.math
can you what does the space shuttle look like thanks,media.image_search
ok jarvis forget my favourite colour for me,memory.forget
please how much is 50 euro in dollars now,info.currency
jarvis give me the dictionary meaning of algorithm,info.definition
could you history of blockchain please,info.factual
please show me images of nuclear fusion please,media.image_search
can you how do the space shuttle work quickly,info.factual
ok jarvis how do you say thank you in japanese for me,info.translate
jarvis how hot is it in london please,info.weather
ok jarvis send me pictures of iceland quickly,media.image_search
ok jarvis summarise a formula 1 car for me?,info.factual
can you find articles about ai,web.browse
can you what are your capabilities thanks,smalltalk.capabilities
can you write code to fix this stack trace please,task.code
please definition of the word recursion for me,info.definition
can you i want details about goa thanks,info.factual
jarvis any updates on world news?,info.news
go to wikipedia quickly,action.web_open
show his photo,media.image_search
ok jarvis make a wallpaper of iceland now,media.image_generate
jarvis give me a quick overview of solar panels?,info.factual
hey jarvis how hot is it in bangalore please,info.weather
could you what does wikipedia say about rosalind franklin quickly,web.browse
could you how do you say thank you in tamil thanks,info.translate
calculate (45+55)/4 please,info.math
jarvis what is your name,smalltalk.identity
could you i need a study schedule for exams?,task.plan
hey jarvis play a video about business,media.video_search
could you what does the space shuttle look like quickly,media.image_search
hey jarvis convert 2000 inr to yen thanks,info.currency
ok jarvis what is photosynthesis now,info.factual
hey jarvis definition of the word entropy?,info.definition
hey jarvis take me to reddit for me,action.web_open
ok jarvis how do you say thank you in tamil quickly,info.translate
read the text in this picture please,vision.analyze
please ai generate quantum computing,media.image_generate
jarvis what is 2^10 thanks,info.math
hey jarvis what is my favourite colour quickly,memory.recall
ok jarvis get me a gallery of paris now,media.image_search
please generate an image of the northern lights for me,media.image_generate
hey jarvis find a youtube video on sports quickly,media.video_search
could you explain the space shuttle to me?,info.factual
please thanks a lot jarvis now,smalltalk.thanks
ok jarvis what do you remember about me please,memory.recall
ok jarvis open youtube app for me,action.open_app
what is 120 / 8 - 5 now,info.math
ok jarvis good evening jarvis please,smalltalk.greeting
can you solve 2^10 quickly,info.math
could you create a picture of nuclear fusion please,media.image_generate
please keep in mind i prefer dark mode?,memory.remember
ok jarvis translate this sentence into spanish thanks,info.translate
hey jarvis latest technology news please,info.news
write a resume for a data analyst quickly,doc.write
please image of the taj mahal for me,media.image_search
could you find photos of virat kohli quickly,media.image_search
could you translate this sentence into german now,info.translate
write code to fix this stack trace please,task.code
ok jarvis search the web for space now,web.browse
ok jarvis send me pictures of paris please,media.image_search
please what causes rainbows now,info.factual
hey jarvis remember that i prefer dark mode?,memory.remember
can you show me python for reverse a linked list in python thanks,task.code
ok jarvis show me headlines about technology?,info.news
could you increase the volume?,action.system_control
could you ai generate quantum computing now,media.image_generate
please save this: my birthday is on 3rd april please,memory.remember
jarvis define quantum quickly,info.definition
please any updates on cricket now,info.news
ok jarvis latest cricket news please,info.news
jarvis weather in tokyo please,info.weather
could you who was steve jobs for me,info.factual
hey jarvis explain blockchain for me,info.factual
please help me with a regex for email validation now,task.code
please open google?,action.web_open
could you keep in mind my birthday is on 3rd april now,memory.remember
please what is 2^10?,info.math
jarvis review my function quickly,task.code
ok jarvis debug a regex for email validation?,task.code
please who is virat kohli show me his image please,media.image_search
jarvis design a logo for my startup please,media.image_generate
jarvis where is goa thanks,info.factual
can you keep in mind my favourite colour is blue now,memory.remember
hey jarvis play a video about business quickly,media.video_search
please when did india gain independence thanks,info.factual
ok jarvis summarize this into a report,doc.write
please is it going to rain in delhi?,info.weather
what do you know about nikola tesla for me,info.factual
could you launch camera for me,action.open_app
ok jarvis launch spotify quickly,action.open_app
jarvis where is dubai thanks,info.factual
ok jarvis note that i am allergic to peanuts?,memory.remember
ok jarvis what is water in hindi thanks,info.translate
can you what was monsoons thanks,info.factual
could you get me a gallery of goa,media.image_search
jarvis show me images of kerala,media.image_search
hey jarvis describe this photo for me,vision.analyze
ok jarvis write code to why my for loop is off by one now,task.code
could you what does photosynthesis mean,info.definition
ok jarvis who is cristiano ronaldo?,info.factual
could you debug reverse a linked list in python,task.code
jarvis what do you remember about me please,memory.recall
could you who was nikola tesla please,info.factual
jarvis how do you say thank you in german?,info.translate
jarvis open twitter,action.web_open
can you launch file explorer for me,action.open_app
could you what model are you now,smalltalk.identity
hey jarvis show me a tutorial for reverse a linked list in python thanks,media.video_search
jarvis hey jarvis?,smalltalk.greeting
could you who is confucius please,info.factual
can you how do you say thank you in french for me,info.translate
ok jarvis analyse the chart in this image thanks,vision.analyze
jarvis what does this file say now,doc.read
jarvis what does recursion mean now,info.definition
could you how does the space shuttle work please,info.factual
could you create a pdf with an essay on climate change quickly,doc.write
can you how do the space shuttle work please,info.factual
can you history of blockchain for me,info.factual
could you can you open visual studio code for me,action.open_app
jarvis how do machine learning work,info.factual
please any updates on sports thanks,info.news
could you what was a black hole,info.factual
jarvis what is your name quickly,smalltalk.identity
please show his photo now,media.image_search
please get me a gallery of goa please,media.image_search
ok jarvis sqrt(144) equals what please,info.math
ok jarvis namaste,smalltalk.greeting
jarvis summarise dna for me quickly,info.factual
jarvis keep in mind i work as a backend developer?,memory.remember
jarvis ai generate gravity,media.image_generate
what is the space shuttle please,info.factual
translate this sentence into german,info.translate
can you solve 9 factorial please,info.math
can you facts about cristiano ronaldo now,info.factual
make a roadmap to learn machine learning thanks,task.plan
definition of the word quantum,info.definition
please what are your capabilities thanks,smalltalk.capabilities
jarvis what are vaccines please,info.factual
jarvis translate this sentence into tamil thanks,info.translate
don't forget that i live in pune please,memory.remember
ok jarvis who was nelson mandela please,info.factual
hey jarvis any updates on ai quickly,info.news
could you who is katherine johnson for me,info.factual
ok jarvis run visual studio code please,action.open_app
can you keep in mind i prefer dark mode?,memory.remember
hey jarvis any updates on science,info.news
show me headlines about cricket please,info.news
jarvis definition of the word photosynthesis,info.definition
ok jarvis note that i work as a backend developer please,memory.remember
jarvis what is the space shuttle now,info.factual
can you i want details about goa now,info.factual
jarvis grab a picture of the screen quickly,action.screenshot
calculate (45+55)/4 for me,info.math
could you explain a red panda to me for me,info.factual
could you run vs code for me,action.open_app
jarvis write code to a python script to rename files?,task.code
please create a pdf with a report about renewable energy,doc.write
ok jarvis create a picture of solar panels thanks,media.image_generate
jarvis what are you quickly,smalltalk.identity
could you temperature in bangalore right now now,info.weather
ok jarvis why is elon musk important for me,info.factual
please history of leh ladakh,info.factual
what was cherry blossoms,info.factual
hey jarvis latest business news for me,info.news
could you meaning of quantum quickly,info.definition
hey jarvis remember that my favourite colour is blue,memory.remember
ok jarvis open whatsapp quickly,action.open_app
can you when did india gain independence,info.factual
give me information on paris please,info.factual
ok jarvis thank you so much now,smalltalk.thanks
jarvis what are earthquakes please,info.factual
could you any updates on cricket now,info.news
ok jarvis start notepad for me please,action.open_app
hey jarvis go to stack overflow for me,action.web_open
please any updates on cricket quickly,info.news
jarvis tell me more about frida kahlo?,info.factual
could you what does recursion mean now,info.definition
jarvis browse to twitter.com thanks,action.web_open
hey jarvis image of cv raman please,media.image_search
what time is it now,info.time
can you define monsoon thanks,info.definition
what does wikipedia say about goa now,web.browse
jarvis is it going to rain in berlin please,info.weather
jarvis can you open camera?,action.open_app
help thanks,smalltalk.capabilities
ok jarvis go to twitter please,action.web_open
jarvis screenshot this window?,action.screenshot
where is goa thanks,info.factual
hey jarvis any updates on ai?,info.news
play a video about space quickly,media.video_search
translate good morning to spanish thanks,info.translate
hey jarvis explain the space shuttle please,info.factual
jarvis open github in the browser?,action.web_open
could you go to twitter now,action.web_open
how hot is it in bangalore?,info.weather
hey jarvis launch camera quickly,action.open_app
please why is elon musk important,info.factual
explain a blue whale for me,info.factual
show me headlines about space please,info.news
hey jarvis give me information on paris please,info.factual
what are solar panels quickly,info.factual
can you is it going to rain in tokyo quickly,info.weather
ok jarvis how do a formula 1 car work now,info.factual
hey jarvis solve 9 factorial?,info.math
could you show me a tutorial for fix this stack trace quickly,media.video_search
jarvis show me python for unit tests for my parser,task.code
could you good evening jarvis?,smalltalk.greeting
jarvis how do you say thank you in french,info.translate
look up nelson mandela online thanks,web.browse
hey jarvis history of vaccines for me,info.factual
show me a picture of a mechanical keyboard for me,media.image_search
where is goa?,info.factual
can you find photos of nikola tesla for me,media.image_search
hey jarvis who were nelson mandela thanks,info.factual
could you convert 2000 inr to yen now,info.currency
hey jarvis note that i work as a backend developer?,memory.remember
ok jarvis generate an image of mount everest for me,media.image_generate
hey jarvis tell me more about elon musk now,info.factual
hey jarvis show me python for a python script to rename files,task.code
jarvis get me a gallery of dubai now,media.image_search
please what are cherry blossoms?,info.factual
note that i live in pune now,memory.remember
run youtube app,action.open_app
hey jarvis list your features for me,smalltalk.capabilities
could you are you an ai for me,smalltalk.identity
ok jarvis are you jarvis for me,smalltalk.identity
could you ai generate the internet please,media.image_generate
hey jarvis find articles about world news quickly,web.browse
please keep in mind i am allergic to peanuts thanks,memory.remember
hey jarvis where is leh ladakh now,info.factual
can you explain the immune system to me,info.factual
hey jarvis browse to stack overflow.com now,action.web_open
what are the northern lights?,info.factual
can you paint a lamborghini as digital art quickly,media.image_generate
hey jarvis shutdown the computer,action.system_control
hey jarvis who was leonardo da vinci for me,info.factual
could you what is 23 * 47 for me,info.math
could you explain a red panda to me now,info.factual
jarvis facts about sachin tendulkar now,info.factual
jarvis open this link and summarize it please,web.browse
ok jarvis translate good morning to arabic for me,info.translate
jarvis brief me on today's headlines,info.news
hey jarvis show me a tutorial for fix this stack trace quickly,media.video_search
could you visualize a lamborghini in neon style thanks,media.image_generate
could you convert 100 usd to inr thanks,info.currency
jarvis summarize the attached document quickly,doc.read
jarvis history of the immune system please,info.factual
ok jarvis search the web for business quickly,web.browse
can you what is 120 / 8 - 5 quickly,info.math
can you draft a resume for a data analyst,doc.write
hey jarvis how do the northern lights work thanks,info.factual
jarvis define photosynthesis for me,info.definition
jarvis what is water in arabic quickly,info.translate
ok jarvis hello quickly,smalltalk.greeting
please give me information on kerala quickly,info.factual
can you don't forget that i live in pune please,memory.remember
please note that my birthday is on 3rd april now,memory.remember
jarvis what is your name?,smalltalk.identity
could you what is 2^10 thanks,info.math
jarvis note that i work as a backend developer quickly,memory.remember
ok jarvis latest science news?,info.news
hey jarvis how hot is it in bangalore?,info.weather
can you play a video about ai for me,media.video_search
please how does the space shuttle work thanks,info.factual
hey jarvis what does serendipity mean?,info.definition
jarvis what was a black hole,info.factual
hey jarvis open github in the browser?,action.web_open
look up lata mangeshkar online?,web.browse
hey jarvis don't forget that i work as a backend developer now,memory.remember
hey jarvis what is 15% of 2400 quickly,info.math
hey jarvis forecast for sydney quickly,info.weather
ok jarvis play some music video for me,media.video_search
jarvis ocr this image,vision.analyze
hey jarvis what was monsoons now,info.factual
could you launch camera quickly,action.open_app
jarvis what does wikipedia say about srinivasa ramanujan,web.browse
jarvis what is water in french?,info.translate
please open youtube app thanks,action.open_app
jarvis calculate 15% of 2400?,info.math
ok jarvis who was nelson mandela quickly,info.factual
can you reply to this email politely?,email.draft
please open the google chrome app now,action.open_app
could you draft a resume for a data analyst now,doc.write
please meaning of quantum quickly,info.definition
hey jarvis draft meeting minutes from my notes?,doc.write
please i want details about mount everest please,info.factual
exchange rate for gbp to inr quickly,info.currency
what can you do now,smalltalk.capabilities
could you explain nuclear fusion?,info.factual
could you image of the grand canyon please,media.image_search
please how do you say thank you in spanish please,info.translate
could you draw a mechanical keyboard now,media.image_generate
ok jarvis summarise a formula 1 car for me,info.factual
ok jarvis how do a formula 1 car work for me,info.factual
could you make me an image of a futuristic city now,media.image_generate
ok jarvis define quantum please,info.definition
hey jarvis what are solar panels?,info.factual
jarvis take me to reddit for me,action.web_open
hey jarvis draft a report about renewable energy,doc.write
could you give me the dictionary meaning of serendipity for me,info.definition
hey jarvis calculate 15% of 2400?,info.math
could you debug why my for loop is off by one for me,task.code
ok jarvis why is confucius important quickly,info.factual
please reply to this email politely quickly,email.draft
jarvis translate good morning to french?,info.translate
could you what is your name,smalltalk.identity
please send me pictures of paris?,media.image_search
jarvis latest world news news thanks,info.news
ok jarvis summarize this into a report now,doc.write
how do the northern lights work?,info.factual
jarvis definition of the word quantum,info.definition
take me to github?,action.web_open
translate good morning to spanish now,info.translate
hey jarvis is it going to rain in mumbai now,info.weather
ok jarvis solve 18 + 27 * 3 now,info.math
why is the immune system important for me,info.factual
can you lock the screen,action.system_control
2^10 equals what thanks,info.math
hey jarvis note that i prefer dark mode now,memory.remember
can you latest cricket news thanks,info.news
could you calculate 120 / 8 - 5?,info.math
jarvis visualize gravity in neon style now,media.image_generate
hey jarvis where is the taj mahal please,info.factual
ok jarvis find articles about cricket,web.browse
hey jarvis what do you know about a blue whale now,info.factual
jarvis tell me about marie curie thanks,info.factual
could you why is the immune system important?,info.factual
create a picture of machine learning thanks,media.image_generate
make a wallpaper of iceland now,media.image_generate
can you is it going to rain in mumbai now,info.weather
ok jarvis draft an essay on climate change quickly,doc.write
ok jarvis give me the dictionary meaning of serendipity thanks,info.definition
hey jarvis find articles about world news now,web.browse
please what causes rainbows please,info.factual
jarvis what was the space shuttle now,info.factual
what does serendipity mean,info.definition
ok jarvis what are earthquakes for me,info.factual
jarvis play a video about technology now,media.video_search
could you give me information on kerala now,info.factual
please run firefox,action.open_app
ok jarvis meaning of serendipity now,info.definition
hey jarvis how does a mechanical keyboard work thanks,info.factual
hey jarvis why is the space shuttle important quickly,info.factual
could you go to stack overflow for me,action.web_open
meaning of algorithm for me,info.definition
jarvis calculate 2^10?,info.math
read the text in this picture quickly,vision.analyze
could you look up nelson mandela online now,web.browse
could you launch firefox?,action.open_app
ok jarvis where is goa for me,info.factual
jarvis lock the screen?,action.system_control
thanks thanks,smalltalk.thanks
ok jarvis scan this receipt?,vision.analyze
jarvis launch file explorer thanks,action.open_app
can you keep in mind i am allergic to peanuts,memory.remember
jarvis write a mail to the client,email.draft
ok jarvis what do you know about the space shuttle now,info.factual
could you why is the sky blue,info.factual
please i want details about the grand canyon,info.factual
hey jarvis debug unit tests for my parser now,task.code
can you draw a black hole quickly,media.image_generate
jarvis summarise the internet for me for me,info.factual
could you find articles about sports?,web.browse
please find articles about world news quickly,web.browse
jarvis what does recursion mean,info.definition
ok jarvis visualize photosynthesis in neon style thanks,media.image_generate
can you image of the taj mahal,media.image_search
jarvis paint cherry blossoms as digital art,media.image_generate
could you forget my favourite colour?,memory.forget
jarvis keep in mind i work as a backend developer for me,memory.remember
please meaning of monsoon thanks,info.definition
ok jarvis what does entropy mean please,info.definition
please calculate (45+55)/4 for me,info.math
please make a wallpaper of tokyo thanks,media.image_generate
could you give me the dictionary meaning of entropy?,info.definition
please how hot is it in tokyo quickly,info.weather
jarvis are you jarvis please,smalltalk.identity
translate good morning to tamil for me,info.translate
please turn off wifi for me,action.system_control
can you get me a gallery of the eiffel tower now,media.image_search
hey jarvis who was steve jobs for me,info.factual
could you go to google,action.web_open
ok jarvis hello are you online now,smalltalk.greeting
can you compute (45+55)/4 for me for me,info.math
search the web for space for me,web.browse
can you make a word document about renewable energy?,doc.write
can you browse to reddit.com quickly,action.web_open
please paint solar panels as digital art now,media.image_generate
please look up taylor swift online now,web.browse
can you translate this sentence into german,info.translate
can you get the content of this url for me,web.browse
hey jarvis how does a black hole work?,info.factual
jarvis save this: my favourite colour is blue for me,memory.remember
ok jarvis open youtube app quickly,action.open_app
can you draft a resume for a data analyst?,doc.write
can you make me an image of a futuristic city?,media.image_generate
ok jarvis find photos of kerala now,media.image_search
please write a resume for a data analyst for me,doc.write
can you go to gmail thanks,action.web_open
hey jarvis meaning of serendipity?,info.definition
jarvis who invented the telephone please,info.factual
jarvis tell me more about the immune system thanks,info.factual
ok jarvis what does serendipity mean,info.definition
can you solve 2^10 now,info.math
ok jarvis is it going to rain in mumbai for me,info.weather
hey jarvis open gmail in the browser for me,action.web_open
hey jarvis look up cleopatra online?,web.browse
hey jarvis who is ibn sina show me his image?,media.image_search
jarvis what's the weather,info.weather
jarvis solve 2^10 thanks,info.math
jarvis solve 15% of 2400 thanks,info.math
please what is the speed of light please,info.factual
please search the web for ai,web.browse
jarvis generate an image of solar panels?,media.image_generate
jarvis can you open visual studio code thanks,action.open_app
could you what does the immune system look like please,media.image_search
please browse to twitter.com please,action.web_open
can you what is 23 * 47 thanks,info.math
ok jarvis make a word document about renewable energy please,doc.write
could you weather in new york thanks,info.weather
hey jarvis who is elon musk show me his image quickly,media.image_search
could you compute 18 + 27 * 3 for me for me,info.math
please what is a red panda now,info.factual
can you is it going to rain in london,info.weather
jarvis open the visual studio code app thanks,action.open_app
please how hot is it in delhi quickly,info.weather
hey jarvis open twitter in the browser?,action.web_open
please give me a quick overview of a black hole for me,info.factual
could you yo,smalltalk.greeting
ok jarvis run vs code now,action.open_app
could you give me a quick overview of monsoons please,info.factual
hey jarvis how do you say thank you in arabic now,info.translate
9 factorial equals what thanks,info.math
please how does a mechanical keyboard work for me,info.factual
please write code to fix this stack trace for me,task.code
hey jarvis what causes rainbows quickly,info.factual
please show his photo?,media.image_search
how does the space shuttle work for me,info.factual
jarvis save this: my favourite colour is blue thanks,memory.remember
hey jarvis generate an image of the taj mahal thanks,media.image_generate
can you take me to wikipedia please,action.web_open
ok jarvis tell me about dubai?,info.factual
show me a tutorial for a python script to rename files quickly,media.video_search
jarvis how do you say thank you in tamil now,info.translate
jarvis what does photosynthesis mean for me,info.definition
please search the web for ai now,web.browse
tell me about cv raman for me,info.factual
please paint cherry blossoms as digital art,media.image_generate
hey jarvis put the laptop to sleep?,action.system_control
ok jarvis definition of the word recursion for me,info.definition
could you what was a black hole for me,info.factual
could you launch file explorer?,action.open_app
can you give me information on the northern lights please,info.factual
thanks a lot jarvis please,smalltalk.thanks
jarvis remember that my favourite colour is blue quickly,memory.remember
jarvis who were frida kahlo please,info.factual
jarvis give me the dictionary meaning of quantum,info.definition
could you what was the northern lights quickly,info.factual
explain the space shuttle?,info.factual
ai generate photosynthesis now,media.image_generate
send me pictures of kerala now,media.image_search
jarvis how do you say thank you in german for me,info.translate
could you browse to wikipedia.com?,action.web_open
jarvis calculate 120 / 8 - 5?,info.math
can you search the web for cricket thanks,web.browse
ok jarvis list your features?,smalltalk.capabilities
please open youtube in the browser please,action.web_open
could you image of the grand canyon?,media.image_search
what does entropy mean thanks,info.definition
please latest cricket news thanks,info.news
could you go through this report and tell me the key points thanks,doc.read
could you jarvis you there now,smalltalk.greeting
please can you open visual studio code for me,action.open_app
ok jarvis what do you know about lionel messi thanks,info.factual
hey jarvis open vs code thanks,action.open_app
can you what does machine learning look like quickly,media.image_search
can you make a wallpaper of mount everest please,media.image_generate
could you who is ibn sina for me,info.factual
hey jarvis facts about the space shuttle for me,info.factual
could you find a youtube video on space for me,media.video_search
hey jarvis get me a gallery of the taj mahal,media.image_search
can you design a logo for my startup please,media.image_generate
can you ai generate gravity thanks,media.image_generate
ok jarvis ai generate blockchain thanks,media.image_generate
jarvis mute the sound quickly,action.system_control
keep in mind i live in pune now,memory.remember
hey jarvis explain earthquakes to me quickly,info.factual
good night now,smalltalk.bye
show me python for reverse a linked list in python?,task.code
could you launch file explorer for me,action.open_app
hey jarvis get me a gallery of the taj mahal for me,media.image_search
jarvis open twitter thanks,action.web_open
please send me pictures of tokyo,media.image_search
hey jarvis find photos of homi bhabha quickly,media.image_search
could you visualize quantum computing in neon style please,media.image_generate
could you who were serena williams for me,info.factual
ok jarvis who was homi bhabha now,info.factual
ok jarvis translate good morning to arabic?,info.translate
can you what does algorithm mean now,info.definition
can you summarize this into a report,doc.write
who is cristiano ronaldo?,info.factual
i want to see solar panels please,media.image_search
please note that my birthday is on 3rd april please,memory.remember
give me a quick overview of dubai for me,info.factual
jarvis i need a study schedule for exams?,task.plan
ok jarvis tell me more about ratan tata for me,info.factual
jarvis note that i work as a backend developer?,memory.remember
could you who is lionel messi show me his image for me,media.image_search
can you get the content of this url please,web.browse
hey jarvis exchange rate for gbp to inr now,info.currency
is it going to rain in berlin,info.weather
do you know my job thanks,memory.recall
jarvis show me python for a regex for email validation thanks,task.code
jarvis draw the internet please,media.image_generate
hey jarvis show me her picture quickly,media.image_search
calculate 2^10?,info.math
help?,smalltalk.capabilities
could you i want to see blockchain,media.image_search
please find photos of nikola tesla now,media.image_search
make a wallpaper of iceland quickly,media.image_generate
jarvis how do i use you please,smalltalk.capabilities
can you i want to see solar panels please,media.image_search
can you make a roadmap to learn machine learning thanks,task.plan
hey jarvis what does wikipedia say about sachin tendulkar?,web.browse
hey jarvis create a picture of solar panels please,media.image_generate
could you tell me more about nelson mandela?,info.factual
what does serendipity mean?,info.definition
what was a black hole,info.factual
please launch settings,action.open_app
could you debug reverse a linked list in python please,task.code
hey jarvis open twitter,action.web_open
jarvis what was the space shuttle thanks,info.factual
can you make a wallpaper of kerala now,media.image_generate
can you temperature in sydney right now quickly,info.weather
jarvis any updates on world news now,info.news
ok jarvis weather in new york please,info.weather
hey jarvis translate good morning to tamil?,info.translate
could you how hot is it in mumbai thanks,info.weather
jarvis open stack overflow in the browser?,action.web_open
jarvis solve 15% of 2400 please,info.math
could you facts about sachin tendulkar for me,info.factual
can you keep in mind my favourite colour is blue for me,memory.remember
please tell me about apj abdul kalam thanks,info.factual
could you is it going to rain in delhi?,info.weather
hey jarvis remember that my favourite colour is blue?,memory.remember
please hi?,smalltalk.greeting
can you what does entropy mean please,info.definition
can you browse to reddit.com thanks,action.web_open
could you that was helpful thanks now,smalltalk.thanks
weather in berlin now,info.weather
jarvis who is ibn sina show me his image thanks,media.image_search
translate this sentence into spanish now,info.translate
open the terminal app quickly,action.open_app
ok jarvis i want to see the internet,media.image_search
write code to reverse a linked list in python quickly,task.code
jarvis show me headlines about ai?,info.news
please create a pdf with a report about renewable energy?,doc.write
hey jarvis open the visual studio code app thanks,action.open_app
hey jarvis open whatsapp now,action.open_app
could you show me images of a mechanical keyboard,media.image_search
jarvis tell me more about ada lovelace for me,info.factual
search the web for ai now,web.browse
could you yo for me,smalltalk.greeting
how do a blue whale work now,info.factual
jarvis run whatsapp,action.open_app
ok jarvis facts about photosynthesis?,info.factual
show me a tutorial for a fastapi endpoint for uploads please,media.video_search
hey jarvis help me with reverse a linked list in python for me,task.code
could you visualize a mechanical keyboard in neon style for me,media.image_generate
could you explain cherry blossoms to me?,info.factual
jarvis find articles about cricket,web.browse
jarvis visualize gravity in neon style,media.image_generate
jarvis calculate 15% of 2400 thanks,info.math
jarvis what does cv raman look like thanks,media.image_search
please how hot is it in delhi please,info.weather
could you what was a black hole now,info.factual
ok jarvis create a pdf with meeting minutes from my notes,doc.write
jarvis paint a black hole as digital art quickly,media.image_generate
please what is 15% of 2400?,info.math
jarvis open the settings app thanks,action.open_app
open the camera app now,action.open_app
could you create a pdf with an essay on climate change for me,doc.write
hey jarvis show me a picture of iceland,media.image_search
ok jarvis show me images of kerala for me,media.image_search
hey jarvis give me information on earthquakes?,info.factual
could you find photos of nikola tesla?,media.image_search
please weather in london now,info.weather
ok jarvis what does wikipedia say about sachin tendulkar?,web.browse
why is the immune system important thanks,info.factual
get me a gallery of paris,media.image_search
i want details about mount everest for me,info.factual
please create a picture of the immune system,media.image_generate
show me images of nuclear fusion,media.image_search
please who is srinivasa ramanujan show me his image thanks,media.image_search
could you 23 * 47 equals what?,info.math
can you how do i use you quickly,smalltalk.capabilities
write a resume for a data analyst please,doc.write
could you debug why my for loop is off by one now,task.code
hey jarvis facts about virat kohli,info.factual
could you ai generate photosynthesis now,media.image_generate
hey jarvis create a pdf with meeting minutes from my notes thanks,doc.write
jarvis how do the northern lights work for me,info.factual
please history of the immune system please,info.factual
ok jarvis read the text in this picture please,vision.analyze
show me headlines about space now,info.news
jarvis show me images of kerala now,media.image_search
can you history of paris now,info.factual
jarvis open linkedin please,action.web_open
can you what does monsoon mean quickly,info.definition
ok jarvis open the terminal app now,action.open_app
jarvis show me images of cherry blossoms quickly,media.image_search
please open github?,action.web_open
ok jarvis who is ibn sina for me,info.factual
please how does the internet work quickly,info.factual
hey jarvis give me the dictionary meaning of monsoon quickly,info.definition
ok jarvis remember that my favourite colour is blue,memory.remember
jarvis find a youtube video on world news,media.video_search
jarvis save this: i am allergic to peanuts thanks,memory.remember
please open the camera app for me,action.open_app
what is water in french now,info.translate
hey jarvis find a youtube video on cricket thanks,media.video_search
can you is it going to rain in london please,info.weather
hey jarvis temperature in sydney right now for me,info.weather
hey jarvis remove that memory for me,memory.forget
could you give me the dictionary meaning of serendipity please,info.definition
ok jarvis make a word document about renewable energy?,doc.write
can you open google in the browser thanks,action.web_open
please help me with a python script to rename files please,task.code
ok jarvis who was virat kohli now,info.factual
could you 23 * 47 equals what for me,info.math
can you ocr this image quickly,vision.analyze
create a pdf with a report about renewable energy thanks,doc.write
could you remove that memory for me,memory.forget
please temperature in mumbai right now for me,info.weather
hey jarvis open wikipedia?,action.web_open
please what does the space shuttle look like quickly,media.image_search
could you who is serena williams for me,info.factual
hey jarvis show me a picture of cristiano ronaldo now,media.image_search
could you find photos of virat kohli for me,media.image_search
ok jarvis help me with a python script to rename files?,task.code
can you show me headlines about science thanks,info.news
can you find photos of homi bhabha?,media.image_search
could you take me to youtube please,action.web_open
hey jarvis keep in mind i live in pune quickly,memory.remember
translate this sentence into german for me,info.translate
could you can you open spotify?,action.open_app
could you play a video about ai thanks,media.video_search
show me python for a regex for email validation quickly,task.code
hey jarvis find a youtube video on cricket quickly,media.video_search
please hi,smalltalk.greeting
note that my favourite colour is blue for me,memory.remember
please paint a lamborghini as digital art?,media.image_generate
hiya,smalltalk.greeting
hey,smalltalk.greeting
howdy,smalltalk.greeting
hello there,smalltalk.greeting
good afternoon,smalltalk.greeting
sup,smalltalk.greeting
anyone home,smalltalk.greeting
you awake,smalltalk.greeting
hey buddy,smalltalk.greeting
greetings,smalltalk.greeting
hello jarvis,smalltalk.greeting
start up,smalltalk.greeting
you online,smalltalk.greeting
morning jarvis,smalltalk.greeting
evening,smalltalk.greeting
hi again,smalltalk.greeting
long time no see,smalltalk.greeting
back again,smalltalk.greeting
hey assistant,smalltalk.greeting
knock knock,smalltalk.greeting
thank you,smalltalk.thanks
thanks heaps,smalltalk.thanks
much appreciated,smalltalk.thanks
brilliant thanks,smalltalk.thanks
that helped a lot,smalltalk.thanks
you are a lifesaver,smalltalk.thanks
spot on thank you,smalltalk.thanks
exactly what i needed,smalltalk.thanks
grateful for that,smalltalk.thanks
well done,smalltalk.thanks
awesome thank you,smalltalk.thanks
lovely stuff,smalltalk.thanks
that did the trick,smalltalk.thanks
cool thanks,smalltalk.thanks
thanks again,smalltalk.thanks
many thanks,smalltalk.thanks
you rock,smalltalk.thanks
appreciate the help,smalltalk.thanks
sorted thanks,smalltalk.thanks
great thanks,smalltalk.thanks
tysm,smalltalk.thanks
thx,smalltalk.thanks
thnx,smalltalk.thanks
tnx,smalltalk.thanks
ta,smalltalk.thanks
cheers,smalltalk.thanks
cheers mate,smalltalk.thanks
tq,smalltalk.thanks
nice one,smalltalk.thanks
legend,smalltalk.thanks
perfect,smalltalk.thanks
great stuff,smalltalk.thanks
smashing,smalltalk.thanks
goodbye,smalltalk.bye
bye bye,smalltalk.bye
see ya,smalltalk.bye
later,smalltalk.bye
im leaving now,smalltalk.bye
signing off,smalltalk.bye
thats all for now,smalltalk.bye
we are done,smalltalk.bye
end session,smalltalk.bye
goodnight jarvis,smalltalk.bye
have a good one,smalltalk.bye
until next time,smalltalk.bye
im heading out,smalltalk.bye
shutting you down,smalltalk.bye
talk soon,smalltalk.bye
peace out,smalltalk.bye
thats it for today,smalltalk.bye
closing up,smalltalk.bye
adios,smalltalk.bye
farewell,smalltalk.bye
introduce yourself,smalltalk.identity
what should i call you,smalltalk.identity
are you a robot,smalltalk.identity
are you human,smalltalk.identity
who built you,smalltalk.identity
who created you,smalltalk.identity
what kind of ai are you,smalltalk.identity
are you chatgpt,smalltalk.identity
whats your identity,smalltalk.identity
describe yourself,smalltalk.identity
are you sentient,smalltalk.identity
what are you exactly,smalltalk.identity
tell me who you are,smalltalk.identity
your name please,smalltalk.identity
are you real,smalltalk.identity
what powers you,smalltalk.identity
which model do you use,smalltalk.identity
are you local or cloud,smalltalk.identity
what are you good at,smalltalk.capabilities
list what you can do,smalltalk.capabilities
show your abilities,smalltalk.capabilities
what features do you have,smalltalk.capabilities
how can you help me,smalltalk.capabilities
what tasks can you handle,smalltalk.capabilities
what should i ask you,smalltalk.capabilities
give me some examples,smalltalk.capabilities
what are my options,smalltalk.capabilities
menu,smalltalk.capabilities
what do you support,smalltalk.capabilities
capabilities please,smalltalk.capabilities
how do you work,smalltalk.capabilities
what can i use you for,smalltalk.capabilities
any tips on using you,smalltalk.capabilities
what else can you do,smalltalk.capabilities
your skills,smalltalk.capabilities
options,smalltalk.capabilities
how tall is the burj khalifa,info.factual
what causes thunder,info.factual
who discovered penicillin,info.factual
how many continents are there,info.factual
what is the largest ocean,info.factual
when was the printing press invented,info.factual
why do birds migrate,info.factual
how fast does light travel,info.factual
what is the boiling point of water,info.factual
who painted the mona lisa,info.factual
how far is mars from earth,info.factual
what is the smallest country,info.factual
how many planets orbit the sun,info.factual
what language is spoken in brazil,info.factual
who wrote hamlet,info.factual
how long is the amazon river,info.factual
what is the hottest desert,info.factual
when did the berlin wall fall,info.factual
how does the heart pump blood,info.factual
why is the ocean salty,info.factual
what are volcanoes made of,info.factual
how do birds fly,info.factual
tell me about ancient egypt,info.factual
explain the water cycle,info.factual
what happened in 1969,info.factual
who led the indian independence movement,info.factual
what is the tallest tree,info.factual
how many countries are in africa,info.factual
describe the solar system,info.factual
what is a supernova,info.factual
how do magnets work,info.factual
why do we dream,info.factual
what is the currency of japan,info.factual
who is the author of the ramayana,info.factual
why do trees lose their leaves in winter,info.factual
why does it rain more near the equator,info.factual
why do the seasons change at all,info.factual
what causes the seasons on earth,info.factual
why is snow white,info.factual
how do clouds actually form,info.factual
why does thunder follow lightning,info.factual
what makes the sky blue during the day,info.factual
why do some animals hibernate in the cold,info.factual
how does temperature affect plant growth,info.factual
why do deserts get so cold at night,info.factual
what causes monsoon winds to reverse,info.factual
why do flowers bloom in spring,info.factual
how does the greenhouse effect work,info.factual
why is the arctic colder than the antarctic,info.factual
why does ice float on water,info.factual
what causes the tides,info.factual
define resilience,info.definition
what does altruism mean,info.definition
meaning of candid,info.definition
define the term latency,info.definition
whats a synonym for happy,info.definition
explain the word verbose,info.definition
define throughput,info.definition
what does concurrency mean,info.definition
meaning of the word arduous,info.definition
define idempotent,info.definition
what does mitigate mean,info.definition
give me the definition of nuance,info.definition
define lucid,info.definition
what is the meaning of tenacity,info.definition
define brevity,info.definition
spell out what recursion means,info.definition
define anomaly,info.definition
whats going on today,info.news
current affairs please,info.news
news update,info.news
any breaking news,info.news
whats trending,info.news
headlines please,info.news
catch me up on the news,info.news
whats in the papers,info.news
give me a news briefing,info.news
latest developments,info.news
recent events summary,info.news
news about the economy,info.news
sports roundup,info.news
tech news today,info.news
whats happening in politics,info.news
anything new in science,info.news
todays top story,info.news
news digest,info.news
hows the weather,info.weather
weather report,info.weather
is it sunny out,info.weather
do i need a jacket,info.weather
whats the temperature,info.weather
any chance of snow tomorrow,info.weather
humidity levels today,info.weather
wind speed right now,info.weather
is it foggy outside,info.weather
weather this weekend,info.weather
will it be hot today,info.weather
rain expected later,info.weather
whats the forecast looking like,info.weather
climate right now,info.weather
should i carry an umbrella,info.weather
how windy is it,info.weather
temperature tonight,info.weather
is a storm coming,info.weather
whats 12 plus 34,info.math
multiply 9 by 8,info.math
divide 144 by 12,info.math
20 percent of 500,info.math
cube of 7,info.math
what is 2 to the power 8,info.math
sum of 1 through 100,info.math
average of 4 8 and 12,info.math
subtract 19 from 60,info.math
how much is 6 times 7,info.math
whats half of 350,info.math
compute 99 minus 44,info.math
raise 3 to the fifth,info.math
give me the factorial of 6,info.math
whats the remainder of 17 divided by 5,info.math
double 128,info.math
one third of 900,info.math
whats 5 squared,info.math
current time please,info.time
tell me the date,info.time
what year is it,info.time
which day of the week is it,info.time
time check,info.time
how many hours until midnight,info.time
whats the time right now,info.time
todays date please,info.time
what month are we in,info.time
how many days left in the year,info.time
is it morning or evening,info.time
give me the timestamp,info.time
what week number is it,info.time
days until my next birthday,info.time
clock,info.time
translate hello into italian,info.translate
how do you say water in russian,info.translate
put this into chinese,info.translate
translate thanks to dutch,info.translate
spanish for good night,info.translate
what is book in german,info.translate
convert this sentence to french,info.translate
say welcome in swahili,info.translate
translate please into polish,info.translate
hindi for friend,info.translate
how to say sorry in japanese,info.translate
turn this into greek,info.translate
translate my message to turkish,info.translate
urdu for mother,info.translate
convert 20 dollars to euros,info.currency
how many rupees is 10 pounds,info.currency
exchange rate usd to yen,info.currency
whats 1000 yen in dollars,info.currency
convert cad to inr,info.currency
value of a euro in rupees,info.currency
how much is 5 bitcoin in usd,info.currency
swap 250 chf to gbp,info.currency
currency conversion 90 aud to nzd,info.currency
dollar rate today,info.currency
show me a photo of a tiger,media.image_search
find an image of the pyramids,media.image_search
i want to see pictures of mount fuji,media.image_search
display photos of venice,media.image_search
get pictures of a hummingbird,media.image_search
look up images of the colosseum,media.image_search
show me how a platypus looks,media.image_search
photos of the sahara please,media.image_search
find a picture of a lighthouse,media.image_search
images of autumn forests,media.image_search
show me a shot of the milky way,media.image_search
picture of a bengal cat,media.image_search
see some photos of iceland waterfalls,media.image_search
find snaps of old trains,media.image_search
show me a portrait of shakespeare,media.image_search
give me photos of coral reefs,media.image_search
i want to look at pictures of tulips,media.image_search
show me an image of jupiter,media.image_search
create an image of a robot chef,media.image_generate
generate a picture of a floating island,media.image_generate
draw me a cyberpunk street,media.image_generate
make art of a phoenix rising,media.image_generate
design a poster for a coffee shop,media.image_generate
render a sunset over mountains,media.image_generate
create a wallpaper with geometric shapes,media.image_generate
generate a logo with a wolf,media.image_generate
paint a surreal desert scene,media.image_generate
make an illustration of a steampunk airship,media.image_generate
produce an image of a glass castle,media.image_generate
create concept art for a spaceship,media.image_generate
draw a cartoon fox in a hat,media.image_generate
generate a minimalist book cover,media.image_generate
invent an image of a crystal forest,media.image_generate
compose art of a rainy tokyo alley,media.image_generate
make me a picture of a dragonfly robot,media.image_generate
find a video about volcanoes,media.video_search
play a clip on how engines work,media.video_search
search youtube for guitar lessons,media.video_search
show me a documentary on sharks,media.video_search
find footage of the moon landing,media.video_search
play a song video,media.video_search
look for a tutorial on excel,media.video_search
find a talk about productivity,media.video_search
show me a recipe video,media.video_search
play something about space exploration,media.video_search
open word,action.open_app
start photoshop,action.open_app
launch discord,action.open_app
run steam,action.open_app
open my email client,action.open_app
boot up slack,action.open_app
start the music player,action.open_app
open task manager,action.open_app
launch the browser,action.open_app
open excel,action.open_app
start zoom,action.open_app
run the terminal,action.open_app
open my code editor,action.open_app
launch obs,action.open_app
open the photos app,action.open_app
start telegram,action.open_app
open the app store,action.open_app
run disk cleanup,action.open_app
open control panel,action.open_app
open stackoverflow,action.web_open
visit amazon,action.web_open
go to netflix,action.web_open
navigate to bbc news,action.web_open
open my gmail inbox in the browser,action.web_open
load twitter,action.web_open
browse to wikipedia homepage,action.web_open
open the vercel dashboard,action.web_open
go to hacker news,action.web_open
visit the python docs site,action.web_open
open google maps in a tab,action.web_open
take me to spotify web,action.web_open
launch the youtube website,action.web_open
shut down,action.system_control
power off the pc,action.system_control
restart now,action.system_control
log me out,action.system_control
sleep the computer,action.system_control
raise the brightness,action.system_control
dim the screen,action.system_control
unmute audio,action.system_control
max the volume,action.system_control
disable bluetooth,action.system_control
enable dark mode on the system,action.system_control
hibernate,action.system_control
turn the wifi back on,action.system_control
set volume to 50 percent,action.system_control
lock the laptop,action.system_control
lock my pc,action.system_control
lock my machine,action.system_control
put my computer to sleep,action.system_control
shut my laptop down,action.system_control
restart my pc now,action.system_control
reboot this desktop,action.system_control
turn my computer off,action.system_control
wake my laptop up,action.system_control
sign me out of my pc,action.system_control
screenshot,action.screenshot
snap the screen,action.screenshot
capture the display,action.screenshot
take a screen grab,action.screenshot
save a picture of my screen,action.screenshot
screengrab this,action.screenshot
photograph the screen,action.screenshot
capture this window,action.screenshot
get a shot of whats showing,action.screenshot
print screen,action.screenshot
remember my dog is called rex,memory.remember
store that i use vim,memory.remember
note down that my flat number is 12b,memory.remember
keep this in mind i hate coriander,memory.remember
remember i prefer tea over coffee,memory.remember
save that my gym day is monday,memory.remember
log that my sister lives in leeds,memory.remember
memorise my shoe size is 9,memory.remember
hold on to this my wifi is called skynet,memory.remember
remember im learning spanish,memory.remember
note that my car is a blue hatchback,memory.remember
please store my nickname as sam,memory.remember
what have you stored about me,memory.recall
tell me what you remember,memory.recall
list my saved details,memory.recall
whats my dogs name,memory.recall
do you know where i work,memory.recall
remind me what i said about coffee,memory.recall
read back my preferences,memory.recall
what facts do you hold on me,memory.recall
show my profile,memory.recall
any notes about me,memory.recall
what did i ask you to remember,memory.recall
my saved info please,memory.recall
forget my address,memory.forget
delete the note about my dog,memory.forget
clear my stored preferences,memory.forget
remove what you know about my job,memory.forget
erase everything about me,memory.forget
drop that memory,memory.forget
unsave my nickname,memory.forget
wipe my profile,memory.forget
forget what i told you yesterday,memory.forget
delete my saved city,memory.forget
help me plan a trip to japan,task.plan
outline steps to start a blog,task.plan
build me a workout schedule,task.plan
organise my move to a new flat,task.plan
draft a plan for launching a podcast,task.plan
how should i approach learning to cook,task.plan
make a checklist for a house party,task.plan
structure my revision for finals,task.plan
plan a product launch timeline,task.plan
break down writing a dissertation,task.plan
give me a roadmap for becoming a designer,task.plan
help me schedule my month,task.plan
sketch out a plan to save money,task.plan
steps to organise a charity run,task.plan
write a function to sort a dictionary by value,task.code
how do i read a csv in python,task.code
fix my off by one error in this loop,task.code
explain this traceback to me,task.code
generate a sql query for top customers,task.code
refactor this into smaller functions,task.code
write a bash script to back up a folder,task.code
why does my async function return none,task.code
create a react component for a modal,task.code
help me write a unit test for this class,task.code
convert this javascript to typescript,task.code
optimise this nested loop,task.code
write a regex to match phone numbers,task.code
debug my api call that returns 401,task.code
whats wrong with my function,task.code
whats wrong with my sql query,task.code
whats broken in my code,task.code
why is my loop not terminating,task.code
why does my script crash on startup,task.code
find the bug in my class,task.code
review my implementation for mistakes,task.code
my regex isnt matching what did i do wrong,task.code
whats the issue with my import statement,task.code
my test keeps failing can you look,task.code
why is my variable undefined here,task.code
spot the error in my snippet,task.code
write a business proposal for a bakery,doc.write
draft a leave application,doc.write
compose a project summary document,doc.write
create a one page brief on solar energy,doc.write
write meeting notes from these points,doc.write
prepare a formal complaint letter,doc.write
draft a press release for our app,doc.write
write an executive summary,doc.write
produce a technical spec for the api,doc.write
make me a case study outline,doc.write
write a scholarship application essay,doc.write
summarise this document,doc.read
what are the main points of this file,doc.read
read the attached report,doc.read
extract the tables from this pdf,doc.read
give me a tldr of this paper,doc.read
pull the dates out of this contract,doc.read
what does the attachment contain,doc.read
review this document for me,doc.read
find the conclusion in this pdf,doc.read
condense this file into bullets,doc.read
whats in this attached document,doc.read
whats inside this pdf,doc.read
whats in the attached file,doc.read
tell me whats in this docx,doc.read
open the attached pdf and explain it,doc.read
go through this attachment for me,doc.read
what does this spreadsheet contain,doc.read
check the attached report and summarise,doc.read
what does this image show,vision.analyze
identify the object in this photo,vision.analyze
transcribe the text in this screenshot,vision.analyze
how many people are in this picture,vision.analyze
what colour is the car in this image,vision.analyze
explain this diagram,vision.analyze
read this handwritten note,vision.analyze
is there a dog in this photo,vision.analyze
analyse this graph image,vision.analyze
whats written on this sign,vision.analyze
caption this picture for me,vision.analyze
search the internet for hotel deals,web.browse
google the best laptops of this year,web.browse
find sources on renewable energy costs,web.browse
look up the wikipedia page for saturn,web.browse
research electric car prices,web.browse
browse for reviews of this restaurant,web.browse
check online what time the shop closes,web.browse
find the official docs for fastapi,web.browse
search for tutorials on woodworking,web.browse
get me articles about sleep science,web.browse
read this website and tell me the gist,web.browse
look on the web for flight prices,web.browse
look online for reviews of a laptop,web.browse
look online for the cheapest deal,web.browse
search online for phone comparisons,web.browse
find reviews of this camera on the web,web.browse
check the web for customer ratings,web.browse
look up product reviews,web.browse
search the web for benchmark results,web.browse
find online opinions about this brand,web.browse
fetch this page and summarise,web.browse
grab that page and give me the gist,web.browse
pull up this link and condense it,web.browse
open this url and summarise the content,web.browse
read that article and shorten it,web.browse
scrape this page for the key points,web.browse
fetch the page contents,web.browse
get this webpage and explain it,web.browse
write an email to hr about my payslip,email.draft
draft a follow up message to a recruiter,email.draft
compose a polite decline to an invitation,email.draft
email my landlord about a repair,email.draft
write a reminder email to the team,email.draft
draft an apology email to a customer,email.draft
prepare an introduction email to a client,email.draft
write a resignation email,email.draft
compose an email requesting a refund,email.draft
draft a message asking for feedback,email.draft
hiya,smalltalk.greeting
hey,smalltalk.greeting
howdy,smalltalk.greeting
hello there,smalltalk.greeting
good afternoon,smalltalk.greeting
sup,smalltalk.greeting
anyone home,smalltalk.greeting
you awake,smalltalk.greeting
hey buddy,smalltalk.greeting
greetings,smalltalk.greeting
hello jarvis,smalltalk.greeting
start up,smalltalk.greeting
you online,smalltalk.greeting
morning jarvis,smalltalk.greeting
evening,smalltalk.greeting
hi again,smalltalk.greeting
long time no see,smalltalk.greeting
back again,smalltalk.greeting
hey assistant,smalltalk.greeting
knock knock,smalltalk.greeting
thank you,smalltalk.thanks
thanks heaps,smalltalk.thanks
much appreciated,smalltalk.thanks
brilliant thanks,smalltalk.thanks
that helped a lot,smalltalk.thanks
you are a lifesaver,smalltalk.thanks
spot on thank you,smalltalk.thanks
exactly what i needed,smalltalk.thanks
grateful for that,smalltalk.thanks
well done,smalltalk.thanks
awesome thank you,smalltalk.thanks
lovely stuff,smalltalk.thanks
that did the trick,smalltalk.thanks
cool thanks,smalltalk.thanks
thanks again,smalltalk.thanks
many thanks,smalltalk.thanks
you rock,smalltalk.thanks
appreciate the help,smalltalk.thanks
sorted thanks,smalltalk.thanks
great thanks,smalltalk.thanks
tysm,smalltalk.thanks
thx,smalltalk.thanks
thnx,smalltalk.thanks
tnx,smalltalk.thanks
ta,smalltalk.thanks
cheers,smalltalk.thanks
cheers mate,smalltalk.thanks
tq,smalltalk.thanks
nice one,smalltalk.thanks
legend,smalltalk.thanks
perfect,smalltalk.thanks
great stuff,smalltalk.thanks
smashing,smalltalk.thanks
goodbye,smalltalk.bye
bye bye,smalltalk.bye
see ya,smalltalk.bye
later,smalltalk.bye
im leaving now,smalltalk.bye
signing off,smalltalk.bye
thats all for now,smalltalk.bye
we are done,smalltalk.bye
end session,smalltalk.bye
goodnight jarvis,smalltalk.bye
have a good one,smalltalk.bye
until next time,smalltalk.bye
im heading out,smalltalk.bye
shutting you down,smalltalk.bye
talk soon,smalltalk.bye
peace out,smalltalk.bye
thats it for today,smalltalk.bye
closing up,smalltalk.bye
adios,smalltalk.bye
farewell,smalltalk.bye
introduce yourself,smalltalk.identity
what should i call you,smalltalk.identity
are you a robot,smalltalk.identity
are you human,smalltalk.identity
who built you,smalltalk.identity
who created you,smalltalk.identity
what kind of ai are you,smalltalk.identity
are you chatgpt,smalltalk.identity
whats your identity,smalltalk.identity
describe yourself,smalltalk.identity
are you sentient,smalltalk.identity
what are you exactly,smalltalk.identity
tell me who you are,smalltalk.identity
your name please,smalltalk.identity
are you real,smalltalk.identity
what powers you,smalltalk.identity
which model do you use,smalltalk.identity
are you local or cloud,smalltalk.identity
what are you good at,smalltalk.capabilities
list what you can do,smalltalk.capabilities
show your abilities,smalltalk.capabilities
what features do you have,smalltalk.capabilities
how can you help me,smalltalk.capabilities
what tasks can you handle,smalltalk.capabilities
what should i ask you,smalltalk.capabilities
give me some examples,smalltalk.capabilities
what are my options,smalltalk.capabilities
menu,smalltalk.capabilities
what do you support,smalltalk.capabilities
capabilities please,smalltalk.capabilities
how do you work,smalltalk.capabilities
what can i use you for,smalltalk.capabilities
any tips on using you,smalltalk.capabilities
what else can you do,smalltalk.capabilities
your skills,smalltalk.capabilities
options,smalltalk.capabilities
how tall is the burj khalifa,info.factual
what causes thunder,info.factual
who discovered penicillin,info.factual
how many continents are there,info.factual
what is the largest ocean,info.factual
when was the printing press invented,info.factual
why do birds migrate,info.factual
how fast does light travel,info.factual
what is the boiling point of water,info.factual
who painted the mona lisa,info.factual
how far is mars from earth,info.factual
what is the smallest country,info.factual
how many planets orbit the sun,info.factual
what language is spoken in brazil,info.factual
who wrote hamlet,info.factual
how long is the amazon river,info.factual
what is the hottest desert,info.factual
when did the berlin wall fall,info.factual
how does the heart pump blood,info.factual
why is the ocean salty,info.factual
what are volcanoes made of,info.factual
how do birds fly,info.factual
tell me about ancient egypt,info.factual
explain the water cycle,info.factual
what happened in 1969,info.factual
who led the indian independence movement,info.factual
what is the tallest tree,info.factual
how many countries are in africa,info.factual
describe the solar system,info.factual
what is a supernova,info.factual
how do magnets work,info.factual
why do we dream,info.factual
what is the currency of japan,info.factual
who is the author of the ramayana,info.factual
why do trees lose their leaves in winter,info.factual
why does it rain more near the equator,info.factual
why do the seasons change at all,info.factual
what causes the seasons on earth,info.factual
why is snow white,info.factual
how do clouds actually form,info.factual
why does thunder follow lightning,info.factual
what makes the sky blue during the day,info.factual
why do some animals hibernate in the cold,info.factual
how does temperature affect plant growth,info.factual
why do deserts get so cold at night,info.factual
what causes monsoon winds to reverse,info.factual
why do flowers bloom in spring,info.factual
how does the greenhouse effect work,info.factual
why is the arctic colder than the antarctic,info.factual
why does ice float on water,info.factual
what causes the tides,info.factual
define resilience,info.definition
what does altruism mean,info.definition
meaning of candid,info.definition
define the term latency,info.definition
whats a synonym for happy,info.definition
explain the word verbose,info.definition
define throughput,info.definition
what does concurrency mean,info.definition
meaning of the word arduous,info.definition
define idempotent,info.definition
what does mitigate mean,info.definition
give me the definition of nuance,info.definition
define lucid,info.definition
what is the meaning of tenacity,info.definition
define brevity,info.definition
spell out what recursion means,info.definition
define anomaly,info.definition
whats going on today,info.news
current affairs please,info.news
news update,info.news
any breaking news,info.news
whats trending,info.news
headlines please,info.news
catch me up on the news,info.news
whats in the papers,info.news
give me a news briefing,info.news
latest developments,info.news
recent events summary,info.news
news about the economy,info.news
sports roundup,info.news
tech news today,info.news
whats happening in politics,info.news
anything new in science,info.news
todays top story,info.news
news digest,info.news
hows the weather,info.weather
weather report,info.weather
is it sunny out,info.weather
do i need a jacket,info.weather
whats the temperature,info.weather
any chance of snow tomorrow,info.weather
humidity levels today,info.weather
wind speed right now,info.weather
is it foggy outside,info.weather
weather this weekend,info.weather
will it be hot today,info.weather
rain expected later,info.weather
whats the forecast looking like,info.weather
climate right now,info.weather
should i carry an umbrella,info.weather
how windy is it,info.weather
temperature tonight,info.weather
is a storm coming,info.weather
whats 12 plus 34,info.math
multiply 9 by 8,info.math
divide 144 by 12,info.math
20 percent of 500,info.math
cube of 7,info.math
what is 2 to the power 8,info.math
sum of 1 through 100,info.math
average of 4 8 and 12,info.math
subtract 19 from 60,info.math
how much is 6 times 7,info.math
whats half of 350,info.math
compute 99 minus 44,info.math
raise 3 to the fifth,info.math
give me the factorial of 6,info.math
whats the remainder of 17 divided by 5,info.math
double 128,info.math
one third of 900,info.math
whats 5 squared,info.math
current time please,info.time
tell me the date,info.time
what year is it,info.time
which day of the week is it,info.time
time check,info.time
how many hours until midnight,info.time
whats the time right now,info.time
todays date please,info.time
what month are we in,info.time
how many days left in the year,info.time
is it morning or evening,info.time
give me the timestamp,info.time
what week number is it,info.time
days until my next birthday,info.time
clock,info.time
translate hello into italian,info.translate
how do you say water in russian,info.translate
put this into chinese,info.translate
translate thanks to dutch,info.translate
spanish for good night,info.translate
what is book in german,info.translate
convert this sentence to french,info.translate
say welcome in swahili,info.translate
translate please into polish,info.translate
hindi for friend,info.translate
how to say sorry in japanese,info.translate
turn this into greek,info.translate
translate my message to turkish,info.translate
urdu for mother,info.translate
convert 20 dollars to euros,info.currency
how many rupees is 10 pounds,info.currency
exchange rate usd to yen,info.currency
whats 1000 yen in dollars,info.currency
convert cad to inr,info.currency
value of a euro in rupees,info.currency
how much is 5 bitcoin in usd,info.currency
swap 250 chf to gbp,info.currency
currency conversion 90 aud to nzd,info.currency
dollar rate today,info.currency
show me a photo of a tiger,media.image_search
find an image of the pyramids,media.image_search
i want to see pictures of mount fuji,media.image_search
display photos of venice,media.image_search
get pictures of a hummingbird,media.image_search
look up images of the colosseum,media.image_search
show me how a platypus looks,media.image_search
photos of the sahara please,media.image_search
find a picture of a lighthouse,media.image_search
images of autumn forests,media.image_search
show me a shot of the milky way,media.image_search
picture of a bengal cat,media.image_search
see some photos of iceland waterfalls,media.image_search
find snaps of old trains,media.image_search
show me a portrait of shakespeare,media.image_search
give me photos of coral reefs,media.image_search
i want to look at pictures of tulips,media.image_search
show me an image of jupiter,media.image_search
create an image of a robot chef,media.image_generate
generate a picture of a floating island,media.image_generate
draw me a cyberpunk street,media.image_generate
make art of a phoenix rising,media.image_generate
design a poster for a coffee shop,media.image_generate
render a sunset over mountains,media.image_generate
create a wallpaper with geometric shapes,media.image_generate
generate a logo with a wolf,media.image_generate
paint a surreal desert scene,media.image_generate
make an illustration of a steampunk airship,media.image_generate
produce an image of a glass castle,media.image_generate
create concept art for a spaceship,media.image_generate
draw a cartoon fox in a hat,media.image_generate
generate a minimalist book cover,media.image_generate
invent an image of a crystal forest,media.image_generate
compose art of a rainy tokyo alley,media.image_generate
make me a picture of a dragonfly robot,media.image_generate
find a video about volcanoes,media.video_search
play a clip on how engines work,media.video_search
search youtube for guitar lessons,media.video_search
show me a documentary on sharks,media.video_search
find footage of the moon landing,media.video_search
play a song video,media.video_search
look for a tutorial on excel,media.video_search
find a talk about productivity,media.video_search
show me a recipe video,media.video_search
play something about space exploration,media.video_search
open word,action.open_app
start photoshop,action.open_app
launch discord,action.open_app
run steam,action.open_app
open my email client,action.open_app
boot up slack,action.open_app
start the music player,action.open_app
open task manager,action.open_app
launch the browser,action.open_app
open excel,action.open_app
start zoom,action.open_app
run the terminal,action.open_app
open my code editor,action.open_app
launch obs,action.open_app
open the photos app,action.open_app
start telegram,action.open_app
open the app store,action.open_app
run disk cleanup,action.open_app
open control panel,action.open_app
open stackoverflow,action.web_open
visit amazon,action.web_open
go to netflix,action.web_open
navigate to bbc news,action.web_open
open my gmail inbox in the browser,action.web_open
load twitter,action.web_open
browse to wikipedia homepage,action.web_open
open the vercel dashboard,action.web_open
go to hacker news,action.web_open
visit the python docs site,action.web_open
open google maps in a tab,action.web_open
take me to spotify web,action.web_open
launch the youtube website,action.web_open
shut down,action.system_control
power off the pc,action.system_control
restart now,action.system_control
log me out,action.system_control
sleep the computer,action.system_control
raise the brightness,action.system_control
dim the screen,action.system_control
unmute audio,action.system_control
max the volume,action.system_control
disable bluetooth,action.system_control
enable dark mode on the system,action.system_control
hibernate,action.system_control
turn the wifi back on,action.system_control
set volume to 50 percent,action.system_control
lock the laptop,action.system_control
lock my pc,action.system_control
lock my machine,action.system_control
put my computer to sleep,action.system_control
shut my laptop down,action.system_control
restart my pc now,action.system_control
reboot this desktop,action.system_control
turn my computer off,action.system_control
wake my laptop up,action.system_control
sign me out of my pc,action.system_control
screenshot,action.screenshot
snap the screen,action.screenshot
capture the display,action.screenshot
take a screen grab,action.screenshot
save a picture of my screen,action.screenshot
screengrab this,action.screenshot
photograph the screen,action.screenshot
capture this window,action.screenshot
get a shot of whats showing,action.screenshot
print screen,action.screenshot
remember my dog is called rex,memory.remember
store that i use vim,memory.remember
note down that my flat number is 12b,memory.remember
keep this in mind i hate coriander,memory.remember
remember i prefer tea over coffee,memory.remember
save that my gym day is monday,memory.remember
log that my sister lives in leeds,memory.remember
memorise my shoe size is 9,memory.remember
hold on to this my wifi is called skynet,memory.remember
remember im learning spanish,memory.remember
note that my car is a blue hatchback,memory.remember
please store my nickname as sam,memory.remember
what have you stored about me,memory.recall
tell me what you remember,memory.recall
list my saved details,memory.recall
whats my dogs name,memory.recall
do you know where i work,memory.recall
remind me what i said about coffee,memory.recall
read back my preferences,memory.recall
what facts do you hold on me,memory.recall
show my profile,memory.recall
any notes about me,memory.recall
what did i ask you to remember,memory.recall
my saved info please,memory.recall
forget my address,memory.forget
delete the note about my dog,memory.forget
clear my stored preferences,memory.forget
remove what you know about my job,memory.forget
erase everything about me,memory.forget
drop that memory,memory.forget
unsave my nickname,memory.forget
wipe my profile,memory.forget
forget what i told you yesterday,memory.forget
delete my saved city,memory.forget
help me plan a trip to japan,task.plan
outline steps to start a blog,task.plan
build me a workout schedule,task.plan
organise my move to a new flat,task.plan
draft a plan for launching a podcast,task.plan
how should i approach learning to cook,task.plan
make a checklist for a house party,task.plan
structure my revision for finals,task.plan
plan a product launch timeline,task.plan
break down writing a dissertation,task.plan
give me a roadmap for becoming a designer,task.plan
help me schedule my month,task.plan
sketch out a plan to save money,task.plan
steps to organise a charity run,task.plan
write a function to sort a dictionary by value,task.code
how do i read a csv in python,task.code
fix my off by one error in this loop,task.code
explain this traceback to me,task.code
generate a sql query for top customers,task.code
refactor this into smaller functions,task.code
write a bash script to back up a folder,task.code
why does my async function return none,task.code
create a react component for a modal,task.code
help me write a unit test for this class,task.code
convert this javascript to typescript,task.code
optimise this nested loop,task.code
write a regex to match phone numbers,task.code
debug my api call that returns 401,task.code
whats wrong with my function,task.code
whats wrong with my sql query,task.code
whats broken in my code,task.code
why is my loop not terminating,task.code
why does my script crash on startup,task.code
find the bug in my class,task.code
review my implementation for mistakes,task.code
my regex isnt matching what did i do wrong,task.code
whats the issue with my import statement,task.code
my test keeps failing can you look,task.code
why is my variable undefined here,task.code
spot the error in my snippet,task.code
write a business proposal for a bakery,doc.write
draft a leave application,doc.write
compose a project summary document,doc.write
create a one page brief on solar energy,doc.write
write meeting notes from these points,doc.write
prepare a formal complaint letter,doc.write
draft a press release for our app,doc.write
write an executive summary,doc.write
produce a technical spec for the api,doc.write
make me a case study outline,doc.write
write a scholarship application essay,doc.write
summarise this document,doc.read
what are the main points of this file,doc.read
read the attached report,doc.read
extract the tables from this pdf,doc.read
give me a tldr of this paper,doc.read
pull the dates out of this contract,doc.read
what does the attachment contain,doc.read
review this document for me,doc.read
find the conclusion in this pdf,doc.read
condense this file into bullets,doc.read
whats in this attached document,doc.read
whats inside this pdf,doc.read
whats in the attached file,doc.read
tell me whats in this docx,doc.read
open the attached pdf and explain it,doc.read
go through this attachment for me,doc.read
what does this spreadsheet contain,doc.read
check the attached report and summarise,doc.read
what does this image show,vision.analyze
identify the object in this photo,vision.analyze
transcribe the text in this screenshot,vision.analyze
how many people are in this picture,vision.analyze
what colour is the car in this image,vision.analyze
explain this diagram,vision.analyze
read this handwritten note,vision.analyze
is there a dog in this photo,vision.analyze
analyse this graph image,vision.analyze
whats written on this sign,vision.analyze
caption this picture for me,vision.analyze
search the internet for hotel deals,web.browse
google the best laptops of this year,web.browse
find sources on renewable energy costs,web.browse
look up the wikipedia page for saturn,web.browse
research electric car prices,web.browse
browse for reviews of this restaurant,web.browse
check online what time the shop closes,web.browse
find the official docs for fastapi,web.browse
search for tutorials on woodworking,web.browse
get me articles about sleep science,web.browse
read this website and tell me the gist,web.browse
look on the web for flight prices,web.browse
look online for reviews of a laptop,web.browse
look online for the cheapest deal,web.browse
search online for phone comparisons,web.browse
find reviews of this camera on the web,web.browse
check the web for customer ratings,web.browse
look up product reviews,web.browse
search the web for benchmark results,web.browse
find online opinions about this brand,web.browse
fetch this page and summarise,web.browse
grab that page and give me the gist,web.browse
pull up this link and condense it,web.browse
open this url and summarise the content,web.browse
read that article and shorten it,web.browse
scrape this page for the key points,web.browse
fetch the page contents,web.browse
get this webpage and explain it,web.browse
write an email to hr about my payslip,email.draft
draft a follow up message to a recruiter,email.draft
compose a polite decline to an invitation,email.draft
email my landlord about a repair,email.draft
write a reminder email to the team,email.draft
draft an apology email to a customer,email.draft
prepare an introduction email to a client,email.draft
write a resignation email,email.draft
compose an email requesting a refund,email.draft
draft a message asking for feedback,email.draft
hiya,smalltalk.greeting
hey,smalltalk.greeting
howdy,smalltalk.greeting
hello there,smalltalk.greeting
good afternoon,smalltalk.greeting
sup,smalltalk.greeting
anyone home,smalltalk.greeting
you awake,smalltalk.greeting
hey buddy,smalltalk.greeting
greetings,smalltalk.greeting
hello jarvis,smalltalk.greeting
start up,smalltalk.greeting
you online,smalltalk.greeting
morning jarvis,smalltalk.greeting
evening,smalltalk.greeting
hi again,smalltalk.greeting
long time no see,smalltalk.greeting
back again,smalltalk.greeting
hey assistant,smalltalk.greeting
knock knock,smalltalk.greeting
thank you,smalltalk.thanks
thanks heaps,smalltalk.thanks
much appreciated,smalltalk.thanks
brilliant thanks,smalltalk.thanks
that helped a lot,smalltalk.thanks
you are a lifesaver,smalltalk.thanks
spot on thank you,smalltalk.thanks
exactly what i needed,smalltalk.thanks
grateful for that,smalltalk.thanks
well done,smalltalk.thanks
awesome thank you,smalltalk.thanks
lovely stuff,smalltalk.thanks
that did the trick,smalltalk.thanks
cool thanks,smalltalk.thanks
thanks again,smalltalk.thanks
many thanks,smalltalk.thanks
you rock,smalltalk.thanks
appreciate the help,smalltalk.thanks
sorted thanks,smalltalk.thanks
great thanks,smalltalk.thanks
tysm,smalltalk.thanks
thx,smalltalk.thanks
thnx,smalltalk.thanks
tnx,smalltalk.thanks
ta,smalltalk.thanks
cheers,smalltalk.thanks
cheers mate,smalltalk.thanks
tq,smalltalk.thanks
nice one,smalltalk.thanks
legend,smalltalk.thanks
perfect,smalltalk.thanks
great stuff,smalltalk.thanks
smashing,smalltalk.thanks
goodbye,smalltalk.bye
bye bye,smalltalk.bye
see ya,smalltalk.bye
later,smalltalk.bye
im leaving now,smalltalk.bye
signing off,smalltalk.bye
thats all for now,smalltalk.bye
we are done,smalltalk.bye
end session,smalltalk.bye
goodnight jarvis,smalltalk.bye
have a good one,smalltalk.bye
until next time,smalltalk.bye
im heading out,smalltalk.bye
shutting you down,smalltalk.bye
talk soon,smalltalk.bye
peace out,smalltalk.bye
thats it for today,smalltalk.bye
closing up,smalltalk.bye
adios,smalltalk.bye
farewell,smalltalk.bye
introduce yourself,smalltalk.identity
what should i call you,smalltalk.identity
are you a robot,smalltalk.identity
are you human,smalltalk.identity
who built you,smalltalk.identity
who created you,smalltalk.identity
what kind of ai are you,smalltalk.identity
are you chatgpt,smalltalk.identity
whats your identity,smalltalk.identity
describe yourself,smalltalk.identity
are you sentient,smalltalk.identity
what are you exactly,smalltalk.identity
tell me who you are,smalltalk.identity
your name please,smalltalk.identity
are you real,smalltalk.identity
what powers you,smalltalk.identity
which model do you use,smalltalk.identity
are you local or cloud,smalltalk.identity
what are you good at,smalltalk.capabilities
list what you can do,smalltalk.capabilities
show your abilities,smalltalk.capabilities
what features do you have,smalltalk.capabilities
how can you help me,smalltalk.capabilities
what tasks can you handle,smalltalk.capabilities
what should i ask you,smalltalk.capabilities
give me some examples,smalltalk.capabilities
what are my options,smalltalk.capabilities
menu,smalltalk.capabilities
what do you support,smalltalk.capabilities
capabilities please,smalltalk.capabilities
how do you work,smalltalk.capabilities
what can i use you for,smalltalk.capabilities
any tips on using you,smalltalk.capabilities
what else can you do,smalltalk.capabilities
your skills,smalltalk.capabilities
options,smalltalk.capabilities
how tall is the burj khalifa,info.factual
what causes thunder,info.factual
who discovered penicillin,info.factual
how many continents are there,info.factual
what is the largest ocean,info.factual
when was the printing press invented,info.factual
why do birds migrate,info.factual
how fast does light travel,info.factual
what is the boiling point of water,info.factual
who painted the mona lisa,info.factual
how far is mars from earth,info.factual
what is the smallest country,info.factual
how many planets orbit the sun,info.factual
what language is spoken in brazil,info.factual
who wrote hamlet,info.factual
how long is the amazon river,info.factual
what is the hottest desert,info.factual
when did the berlin wall fall,info.factual
how does the heart pump blood,info.factual
why is the ocean salty,info.factual
what are volcanoes made of,info.factual
how do birds fly,info.factual
tell me about ancient egypt,info.factual
explain the water cycle,info.factual
what happened in 1969,info.factual
who led the indian independence movement,info.factual
what is the tallest tree,info.factual
how many countries are in africa,info.factual
describe the solar system,info.factual
what is a supernova,info.factual
how do magnets work,info.factual
why do we dream,info.factual
what is the currency of japan,info.factual
who is the author of the ramayana,info.factual
why do trees lose their leaves in winter,info.factual
why does it rain more near the equator,info.factual
why do the seasons change at all,info.factual
what causes the seasons on earth,info.factual
why is snow white,info.factual
how do clouds actually form,info.factual
why does thunder follow lightning,info.factual
what makes the sky blue during the day,info.factual
why do some animals hibernate in the cold,info.factual
how does temperature affect plant growth,info.factual
why do deserts get so cold at night,info.factual
what causes monsoon winds to reverse,info.factual
why do flowers bloom in spring,info.factual
how does the greenhouse effect work,info.factual
why is the arctic colder than the antarctic,info.factual
why does ice float on water,info.factual
what causes the tides,info.factual
define resilience,info.definition
what does altruism mean,info.definition
meaning of candid,info.definition
define the term latency,info.definition
whats a synonym for happy,info.definition
explain the word verbose,info.definition
define throughput,info.definition
what does concurrency mean,info.definition
meaning of the word arduous,info.definition
define idempotent,info.definition
what does mitigate mean,info.definition
give me the definition of nuance,info.definition
define lucid,info.definition
what is the meaning of tenacity,info.definition
define brevity,info.definition
spell out what recursion means,info.definition
define anomaly,info.definition
whats going on today,info.news
current affairs please,info.news
news update,info.news
any breaking news,info.news
whats trending,info.news
headlines please,info.news
catch me up on the news,info.news
whats in the papers,info.news
give me a news briefing,info.news
latest developments,info.news
recent events summary,info.news
news about the economy,info.news
sports roundup,info.news
tech news today,info.news
whats happening in politics,info.news
anything new in science,info.news
todays top story,info.news
news digest,info.news
hows the weather,info.weather
weather report,info.weather
is it sunny out,info.weather
do i need a jacket,info.weather
whats the temperature,info.weather
any chance of snow tomorrow,info.weather
humidity levels today,info.weather
wind speed right now,info.weather
is it foggy outside,info.weather
weather this weekend,info.weather
will it be hot today,info.weather
rain expected later,info.weather
whats the forecast looking like,info.weather
climate right now,info.weather
should i carry an umbrella,info.weather
how windy is it,info.weather
temperature tonight,info.weather
is a storm coming,info.weather
whats 12 plus 34,info.math
multiply 9 by 8,info.math
divide 144 by 12,info.math
20 percent of 500,info.math
cube of 7,info.math
what is 2 to the power 8,info.math
sum of 1 through 100,info.math
average of 4 8 and 12,info.math
subtract 19 from 60,info.math
how much is 6 times 7,info.math
whats half of 350,info.math
compute 99 minus 44,info.math
raise 3 to the fifth,info.math
give me the factorial of 6,info.math
whats the remainder of 17 divided by 5,info.math
double 128,info.math
one third of 900,info.math
whats 5 squared,info.math
current time please,info.time
tell me the date,info.time
what year is it,info.time
which day of the week is it,info.time
time check,info.time
how many hours until midnight,info.time
whats the time right now,info.time
todays date please,info.time
what month are we in,info.time
how many days left in the year,info.time
is it morning or evening,info.time
give me the timestamp,info.time
what week number is it,info.time
days until my next birthday,info.time
clock,info.time
translate hello into italian,info.translate
how do you say water in russian,info.translate
put this into chinese,info.translate
translate thanks to dutch,info.translate
spanish for good night,info.translate
what is book in german,info.translate
convert this sentence to french,info.translate
say welcome in swahili,info.translate
translate please into polish,info.translate
hindi for friend,info.translate
how to say sorry in japanese,info.translate
turn this into greek,info.translate
translate my message to turkish,info.translate
urdu for mother,info.translate
convert 20 dollars to euros,info.currency
how many rupees is 10 pounds,info.currency
exchange rate usd to yen,info.currency
whats 1000 yen in dollars,info.currency
convert cad to inr,info.currency
value of a euro in rupees,info.currency
how much is 5 bitcoin in usd,info.currency
swap 250 chf to gbp,info.currency
currency conversion 90 aud to nzd,info.currency
dollar rate today,info.currency
show me a photo of a tiger,media.image_search
find an image of the pyramids,media.image_search
i want to see pictures of mount fuji,media.image_search
display photos of venice,media.image_search
get pictures of a hummingbird,media.image_search
look up images of the colosseum,media.image_search
show me how a platypus looks,media.image_search
photos of the sahara please,media.image_search
find a picture of a lighthouse,media.image_search
images of autumn forests,media.image_search
show me a shot of the milky way,media.image_search
picture of a bengal cat,media.image_search
see some photos of iceland waterfalls,media.image_search
find snaps of old trains,media.image_search
show me a portrait of shakespeare,media.image_search
give me photos of coral reefs,media.image_search
i want to look at pictures of tulips,media.image_search
show me an image of jupiter,media.image_search
create an image of a robot chef,media.image_generate
generate a picture of a floating island,media.image_generate
draw me a cyberpunk street,media.image_generate
make art of a phoenix rising,media.image_generate
design a poster for a coffee shop,media.image_generate
render a sunset over mountains,media.image_generate
create a wallpaper with geometric shapes,media.image_generate
generate a logo with a wolf,media.image_generate
paint a surreal desert scene,media.image_generate
make an illustration of a steampunk airship,media.image_generate
produce an image of a glass castle,media.image_generate
create concept art for a spaceship,media.image_generate
draw a cartoon fox in a hat,media.image_generate
generate a minimalist book cover,media.image_generate
invent an image of a crystal forest,media.image_generate
compose art of a rainy tokyo alley,media.image_generate
make me a picture of a dragonfly robot,media.image_generate
find a video about volcanoes,media.video_search
play a clip on how engines work,media.video_search
search youtube for guitar lessons,media.video_search
show me a documentary on sharks,media.video_search
find footage of the moon landing,media.video_search
play a song video,media.video_search
look for a tutorial on excel,media.video_search
find a talk about productivity,media.video_search
show me a recipe video,media.video_search
play something about space exploration,media.video_search
open word,action.open_app
start photoshop,action.open_app
launch discord,action.open_app
run steam,action.open_app
open my email client,action.open_app
boot up slack,action.open_app
start the music player,action.open_app
open task manager,action.open_app
launch the browser,action.open_app
open excel,action.open_app
start zoom,action.open_app
run the terminal,action.open_app
open my code editor,action.open_app
launch obs,action.open_app
open the photos app,action.open_app
start telegram,action.open_app
open the app store,action.open_app
run disk cleanup,action.open_app
open control panel,action.open_app
open stackoverflow,action.web_open
visit amazon,action.web_open
go to netflix,action.web_open
navigate to bbc news,action.web_open
open my gmail inbox in the browser,action.web_open
load twitter,action.web_open
browse to wikipedia homepage,action.web_open
open the vercel dashboard,action.web_open
go to hacker news,action.web_open
visit the python docs site,action.web_open
open google maps in a tab,action.web_open
take me to spotify web,action.web_open
launch the youtube website,action.web_open
shut down,action.system_control
power off the pc,action.system_control
restart now,action.system_control
log me out,action.system_control
sleep the computer,action.system_control
raise the brightness,action.system_control
dim the screen,action.system_control
unmute audio,action.system_control
max the volume,action.system_control
disable bluetooth,action.system_control
enable dark mode on the system,action.system_control
hibernate,action.system_control
turn the wifi back on,action.system_control
set volume to 50 percent,action.system_control
lock the laptop,action.system_control
lock my pc,action.system_control
lock my machine,action.system_control
put my computer to sleep,action.system_control
shut my laptop down,action.system_control
restart my pc now,action.system_control
reboot this desktop,action.system_control
turn my computer off,action.system_control
wake my laptop up,action.system_control
sign me out of my pc,action.system_control
screenshot,action.screenshot
snap the screen,action.screenshot
capture the display,action.screenshot
take a screen grab,action.screenshot
save a picture of my screen,action.screenshot
screengrab this,action.screenshot
photograph the screen,action.screenshot
capture this window,action.screenshot
get a shot of whats showing,action.screenshot
print screen,action.screenshot
remember my dog is called rex,memory.remember
store that i use vim,memory.remember
note down that my flat number is 12b,memory.remember
keep this in mind i hate coriander,memory.remember
remember i prefer tea over coffee,memory.remember
save that my gym day is monday,memory.remember
log that my sister lives in leeds,memory.remember
memorise my shoe size is 9,memory.remember
hold on to this my wifi is called skynet,memory.remember
remember im learning spanish,memory.remember
note that my car is a blue hatchback,memory.remember
please store my nickname as sam,memory.remember
what have you stored about me,memory.recall
tell me what you remember,memory.recall
list my saved details,memory.recall
whats my dogs name,memory.recall
do you know where i work,memory.recall
remind me what i said about coffee,memory.recall
read back my preferences,memory.recall
what facts do you hold on me,memory.recall
show my profile,memory.recall
any notes about me,memory.recall
what did i ask you to remember,memory.recall
my saved info please,memory.recall
forget my address,memory.forget
delete the note about my dog,memory.forget
clear my stored preferences,memory.forget
remove what you know about my job,memory.forget
erase everything about me,memory.forget
drop that memory,memory.forget
unsave my nickname,memory.forget
wipe my profile,memory.forget
forget what i told you yesterday,memory.forget
delete my saved city,memory.forget
help me plan a trip to japan,task.plan
outline steps to start a blog,task.plan
build me a workout schedule,task.plan
organise my move to a new flat,task.plan
draft a plan for launching a podcast,task.plan
how should i approach learning to cook,task.plan
make a checklist for a house party,task.plan
structure my revision for finals,task.plan
plan a product launch timeline,task.plan
break down writing a dissertation,task.plan
give me a roadmap for becoming a designer,task.plan
help me schedule my month,task.plan
sketch out a plan to save money,task.plan
steps to organise a charity run,task.plan
write a function to sort a dictionary by value,task.code
how do i read a csv in python,task.code
fix my off by one error in this loop,task.code
explain this traceback to me,task.code
generate a sql query for top customers,task.code
refactor this into smaller functions,task.code
write a bash script to back up a folder,task.code
why does my async function return none,task.code
create a react component for a modal,task.code
help me write a unit test for this class,task.code
convert this javascript to typescript,task.code
optimise this nested loop,task.code
write a regex to match phone numbers,task.code
debug my api call that returns 401,task.code
whats wrong with my function,task.code
whats wrong with my sql query,task.code
whats broken in my code,task.code
why is my loop not terminating,task.code
why does my script crash on startup,task.code
find the bug in my class,task.code
review my implementation for mistakes,task.code
my regex isnt matching what did i do wrong,task.code
whats the issue with my import statement,task.code
my test keeps failing can you look,task.code
why is my variable undefined here,task.code
spot the error in my snippet,task.code
write a business proposal for a bakery,doc.write
draft a leave application,doc.write
compose a project summary document,doc.write
create a one page brief on solar energy,doc.write
write meeting notes from these points,doc.write
prepare a formal complaint letter,doc.write
draft a press release for our app,doc.write
write an executive summary,doc.write
produce a technical spec for the api,doc.write
make me a case study outline,doc.write
write a scholarship application essay,doc.write
summarise this document,doc.read
what are the main points of this file,doc.read
read the attached report,doc.read
extract the tables from this pdf,doc.read
give me a tldr of this paper,doc.read
pull the dates out of this contract,doc.read
what does the attachment contain,doc.read
review this document for me,doc.read
find the conclusion in this pdf,doc.read
condense this file into bullets,doc.read
whats in this attached document,doc.read
whats inside this pdf,doc.read
whats in the attached file,doc.read
tell me whats in this docx,doc.read
open the attached pdf and explain it,doc.read
go through this attachment for me,doc.read
what does this spreadsheet contain,doc.read
check the attached report and summarise,doc.read
what does this image show,vision.analyze
identify the object in this photo,vision.analyze
transcribe the text in this screenshot,vision.analyze
how many people are in this picture,vision.analyze
what colour is the car in this image,vision.analyze
explain this diagram,vision.analyze
read this handwritten note,vision.analyze
is there a dog in this photo,vision.analyze
analyse this graph image,vision.analyze
whats written on this sign,vision.analyze
caption this picture for me,vision.analyze
search the internet for hotel deals,web.browse
google the best laptops of this year,web.browse
find sources on renewable energy costs,web.browse
look up the wikipedia page for saturn,web.browse
research electric car prices,web.browse
browse for reviews of this restaurant,web.browse
check online what time the shop closes,web.browse
find the official docs for fastapi,web.browse
search for tutorials on woodworking,web.browse
get me articles about sleep science,web.browse
read this website and tell me the gist,web.browse
look on the web for flight prices,web.browse
look online for reviews of a laptop,web.browse
look online for the cheapest deal,web.browse
search online for phone comparisons,web.browse
find reviews of this camera on the web,web.browse
check the web for customer ratings,web.browse
look up product reviews,web.browse
search the web for benchmark results,web.browse
find online opinions about this brand,web.browse
fetch this page and summarise,web.browse
grab that page and give me the gist,web.browse
pull up this link and condense it,web.browse
open this url and summarise the content,web.browse
read that article and shorten it,web.browse
scrape this page for the key points,web.browse
fetch the page contents,web.browse
get this webpage and explain it,web.browse
write an email to hr about my payslip,email.draft
draft a follow up message to a recruiter,email.draft
compose a polite decline to an invitation,email.draft
email my landlord about a repair,email.draft
write a reminder email to the team,email.draft
draft an apology email to a customer,email.draft
prepare an introduction email to a client,email.draft
write a resignation email,email.draft
compose an email requesting a refund,email.draft
draft a message asking for feedback,email.draft
hiya,smalltalk.greeting
hey,smalltalk.greeting
howdy,smalltalk.greeting
hello there,smalltalk.greeting
good afternoon,smalltalk.greeting
sup,smalltalk.greeting
anyone home,smalltalk.greeting
you awake,smalltalk.greeting
hey buddy,smalltalk.greeting
greetings,smalltalk.greeting
hello jarvis,smalltalk.greeting
start up,smalltalk.greeting
you online,smalltalk.greeting
morning jarvis,smalltalk.greeting
evening,smalltalk.greeting
hi again,smalltalk.greeting
long time no see,smalltalk.greeting
back again,smalltalk.greeting
hey assistant,smalltalk.greeting
knock knock,smalltalk.greeting
thank you,smalltalk.thanks
thanks heaps,smalltalk.thanks
much appreciated,smalltalk.thanks
brilliant thanks,smalltalk.thanks
that helped a lot,smalltalk.thanks
you are a lifesaver,smalltalk.thanks
spot on thank you,smalltalk.thanks
exactly what i needed,smalltalk.thanks
grateful for that,smalltalk.thanks
well done,smalltalk.thanks
awesome thank you,smalltalk.thanks
lovely stuff,smalltalk.thanks
that did the trick,smalltalk.thanks
cool thanks,smalltalk.thanks
thanks again,smalltalk.thanks
many thanks,smalltalk.thanks
you rock,smalltalk.thanks
appreciate the help,smalltalk.thanks
sorted thanks,smalltalk.thanks
great thanks,smalltalk.thanks
tysm,smalltalk.thanks
thx,smalltalk.thanks
thnx,smalltalk.thanks
tnx,smalltalk.thanks
ta,smalltalk.thanks
cheers,smalltalk.thanks
cheers mate,smalltalk.thanks
tq,smalltalk.thanks
nice one,smalltalk.thanks
legend,smalltalk.thanks
perfect,smalltalk.thanks
great stuff,smalltalk.thanks
smashing,smalltalk.thanks
goodbye,smalltalk.bye
bye bye,smalltalk.bye
see ya,smalltalk.bye
later,smalltalk.bye
im leaving now,smalltalk.bye
signing off,smalltalk.bye
thats all for now,smalltalk.bye
we are done,smalltalk.bye
end session,smalltalk.bye
goodnight jarvis,smalltalk.bye
have a good one,smalltalk.bye
until next time,smalltalk.bye
im heading out,smalltalk.bye
shutting you down,smalltalk.bye
talk soon,smalltalk.bye
peace out,smalltalk.bye
thats it for today,smalltalk.bye
closing up,smalltalk.bye
adios,smalltalk.bye
farewell,smalltalk.bye
introduce yourself,smalltalk.identity
what should i call you,smalltalk.identity
are you a robot,smalltalk.identity
are you human,smalltalk.identity
who built you,smalltalk.identity
who created you,smalltalk.identity
what kind of ai are you,smalltalk.identity
are you chatgpt,smalltalk.identity
whats your identity,smalltalk.identity
describe yourself,smalltalk.identity
are you sentient,smalltalk.identity
what are you exactly,smalltalk.identity
tell me who you are,smalltalk.identity
your name please,smalltalk.identity
are you real,smalltalk.identity
what powers you,smalltalk.identity
which model do you use,smalltalk.identity
are you local or cloud,smalltalk.identity
what are you good at,smalltalk.capabilities
list what you can do,smalltalk.capabilities
show your abilities,smalltalk.capabilities
what features do you have,smalltalk.capabilities
how can you help me,smalltalk.capabilities
what tasks can you handle,smalltalk.capabilities
what should i ask you,smalltalk.capabilities
give me some examples,smalltalk.capabilities
what are my options,smalltalk.capabilities
menu,smalltalk.capabilities
what do you support,smalltalk.capabilities
capabilities please,smalltalk.capabilities
how do you work,smalltalk.capabilities
what can i use you for,smalltalk.capabilities
any tips on using you,smalltalk.capabilities
what else can you do,smalltalk.capabilities
your skills,smalltalk.capabilities
options,smalltalk.capabilities
how tall is the burj khalifa,info.factual
what causes thunder,info.factual
who discovered penicillin,info.factual
how many continents are there,info.factual
what is the largest ocean,info.factual
when was the printing press invented,info.factual
why do birds migrate,info.factual
how fast does light travel,info.factual
what is the boiling point of water,info.factual
who painted the mona lisa,info.factual
how far is mars from earth,info.factual
what is the smallest country,info.factual
how many planets orbit the sun,info.factual
what language is spoken in brazil,info.factual
who wrote hamlet,info.factual
how long is the amazon river,info.factual
what is the hottest desert,info.factual
when did the berlin wall fall,info.factual
how does the heart pump blood,info.factual
why is the ocean salty,info.factual
what are volcanoes made of,info.factual
how do birds fly,info.factual
tell me about ancient egypt,info.factual
explain the water cycle,info.factual
what happened in 1969,info.factual
who led the indian independence movement,info.factual
what is the tallest tree,info.factual
how many countries are in africa,info.factual
describe the solar system,info.factual
what is a supernova,info.factual
how do magnets work,info.factual
why do we dream,info.factual
what is the currency of japan,info.factual
who is the author of the ramayana,info.factual
why do trees lose their leaves in winter,info.factual
why does it rain more near the equator,info.factual
why do the seasons change at all,info.factual
what causes the seasons on earth,info.factual
why is snow white,info.factual
how do clouds actually form,info.factual
why does thunder follow lightning,info.factual
what makes the sky blue during the day,info.factual
why do some animals hibernate in the cold,info.factual
how does temperature affect plant growth,info.factual
why do deserts get so cold at night,info.factual
what causes monsoon winds to reverse,info.factual
why do flowers bloom in spring,info.factual
how does the greenhouse effect work,info.factual
why is the arctic colder than the antarctic,info.factual
why does ice float on water,info.factual
what causes the tides,info.factual
define resilience,info.definition
what does altruism mean,info.definition
meaning of candid,info.definition
define the term latency,info.definition
whats a synonym for happy,info.definition
explain the word verbose,info.definition
define throughput,info.definition
what does concurrency mean,info.definition
meaning of the word arduous,info.definition
define idempotent,info.definition
what does mitigate mean,info.definition
give me the definition of nuance,info.definition
define lucid,info.definition
what is the meaning of tenacity,info.definition
define brevity,info.definition
spell out what recursion means,info.definition
define anomaly,info.definition
whats going on today,info.news
current affairs please,info.news
news update,info.news
any breaking news,info.news
whats trending,info.news
headlines please,info.news
catch me up on the news,info.news
whats in the papers,info.news
give me a news briefing,info.news
latest developments,info.news
recent events summary,info.news
news about the economy,info.news
sports roundup,info.news
tech news today,info.news
whats happening in politics,info.news
anything new in science,info.news
todays top story,info.news
news digest,info.news
hows the weather,info.weather
weather report,info.weather
is it sunny out,info.weather
do i need a jacket,info.weather
whats the temperature,info.weather
any chance of snow tomorrow,info.weather
humidity levels today,info.weather
wind speed right now,info.weather
is it foggy outside,info.weather
weather this weekend,info.weather
will it be hot today,info.weather
rain expected later,info.weather
whats the forecast looking like,info.weather
climate right now,info.weather
should i carry an umbrella,info.weather
how windy is it,info.weather
temperature tonight,info.weather
is a storm coming,info.weather
whats 12 plus 34,info.math
multiply 9 by 8,info.math
divide 144 by 12,info.math
20 percent of 500,info.math
cube of 7,info.math
what is 2 to the power 8,info.math
sum of 1 through 100,info.math
average of 4 8 and 12,info.math
subtract 19 from 60,info.math
how much is 6 times 7,info.math
whats half of 350,info.math
compute 99 minus 44,info.math
raise 3 to the fifth,info.math
give me the factorial of 6,info.math
whats the remainder of 17 divided by 5,info.math
double 128,info.math
one third of 900,info.math
whats 5 squared,info.math
current time please,info.time
tell me the date,info.time
what year is it,info.time
which day of the week is it,info.time
time check,info.time
how many hours until midnight,info.time
whats the time right now,info.time
todays date please,info.time
what month are we in,info.time
how many days left in the year,info.time
is it morning or evening,info.time
give me the timestamp,info.time
what week number is it,info.time
days until my next birthday,info.time
clock,info.time
translate hello into italian,info.translate
how do you say water in russian,info.translate
put this into chinese,info.translate
translate thanks to dutch,info.translate
spanish for good night,info.translate
what is book in german,info.translate
convert this sentence to french,info.translate
say welcome in swahili,info.translate
translate please into polish,info.translate
hindi for friend,info.translate
how to say sorry in japanese,info.translate
turn this into greek,info.translate
translate my message to turkish,info.translate
urdu for mother,info.translate
convert 20 dollars to euros,info.currency
how many rupees is 10 pounds,info.currency
exchange rate usd to yen,info.currency
whats 1000 yen in dollars,info.currency
convert cad to inr,info.currency
value of a euro in rupees,info.currency
how much is 5 bitcoin in usd,info.currency
swap 250 chf to gbp,info.currency
currency conversion 90 aud to nzd,info.currency
dollar rate today,info.currency
show me a photo of a tiger,media.image_search
find an image of the pyramids,media.image_search
i want to see pictures of mount fuji,media.image_search
display photos of venice,media.image_search
get pictures of a hummingbird,media.image_search
look up images of the colosseum,media.image_search
show me how a platypus looks,media.image_search
photos of the sahara please,media.image_search
find a picture of a lighthouse,media.image_search
images of autumn forests,media.image_search
show me a shot of the milky way,media.image_search
picture of a bengal cat,media.image_search
see some photos of iceland waterfalls,media.image_search
find snaps of old trains,media.image_search
show me a portrait of shakespeare,media.image_search
give me photos of coral reefs,media.image_search
i want to look at pictures of tulips,media.image_search
show me an image of jupiter,media.image_search
create an image of a robot chef,media.image_generate
generate a picture of a floating island,media.image_generate
draw me a cyberpunk street,media.image_generate
make art of a phoenix rising,media.image_generate
design a poster for a coffee shop,media.image_generate
render a sunset over mountains,media.image_generate
create a wallpaper with geometric shapes,media.image_generate
generate a logo with a wolf,media.image_generate
paint a surreal desert scene,media.image_generate
make an illustration of a steampunk airship,media.image_generate
produce an image of a glass castle,media.image_generate
create concept art for a spaceship,media.image_generate
draw a cartoon fox in a hat,media.image_generate
generate a minimalist book cover,media.image_generate
invent an image of a crystal forest,media.image_generate
compose art of a rainy tokyo alley,media.image_generate
make me a picture of a dragonfly robot,media.image_generate
find a video about volcanoes,media.video_search
play a clip on how engines work,media.video_search
search youtube for guitar lessons,media.video_search
show me a documentary on sharks,media.video_search
find footage of the moon landing,media.video_search
play a song video,media.video_search
look for a tutorial on excel,media.video_search
find a talk about productivity,media.video_search
show me a recipe video,media.video_search
play something about space exploration,media.video_search
open word,action.open_app
start photoshop,action.open_app
launch discord,action.open_app
run steam,action.open_app
open my email client,action.open_app
boot up slack,action.open_app
start the music player,action.open_app
open task manager,action.open_app
launch the browser,action.open_app
open excel,action.open_app
start zoom,action.open_app
run the terminal,action.open_app
open my code editor,action.open_app
launch obs,action.open_app
open the photos app,action.open_app
start telegram,action.open_app
open the app store,action.open_app
run disk cleanup,action.open_app
open control panel,action.open_app
open stackoverflow,action.web_open
visit amazon,action.web_open
go to netflix,action.web_open
navigate to bbc news,action.web_open
open my gmail inbox in the browser,action.web_open
load twitter,action.web_open
browse to wikipedia homepage,action.web_open
open the vercel dashboard,action.web_open
go to hacker news,action.web_open
visit the python docs site,action.web_open
open google maps in a tab,action.web_open
take me to spotify web,action.web_open
launch the youtube website,action.web_open
shut down,action.system_control
power off the pc,action.system_control
restart now,action.system_control
log me out,action.system_control
sleep the computer,action.system_control
raise the brightness,action.system_control
dim the screen,action.system_control
unmute audio,action.system_control
max the volume,action.system_control
disable bluetooth,action.system_control
enable dark mode on the system,action.system_control
hibernate,action.system_control
turn the wifi back on,action.system_control
set volume to 50 percent,action.system_control
lock the laptop,action.system_control
lock my pc,action.system_control
lock my machine,action.system_control
put my computer to sleep,action.system_control
shut my laptop down,action.system_control
restart my pc now,action.system_control
reboot this desktop,action.system_control
turn my computer off,action.system_control
wake my laptop up,action.system_control
sign me out of my pc,action.system_control
screenshot,action.screenshot
snap the screen,action.screenshot
capture the display,action.screenshot
take a screen grab,action.screenshot
save a picture of my screen,action.screenshot
screengrab this,action.screenshot
photograph the screen,action.screenshot
capture this window,action.screenshot
get a shot of whats showing,action.screenshot
print screen,action.screenshot
remember my dog is called rex,memory.remember
store that i use vim,memory.remember
note down that my flat number is 12b,memory.remember
keep this in mind i hate coriander,memory.remember
remember i prefer tea over coffee,memory.remember
save that my gym day is monday,memory.remember
log that my sister lives in leeds,memory.remember
memorise my shoe size is 9,memory.remember
hold on to this my wifi is called skynet,memory.remember
remember im learning spanish,memory.remember
note that my car is a blue hatchback,memory.remember
please store my nickname as sam,memory.remember
what have you stored about me,memory.recall
tell me what you remember,memory.recall
list my saved details,memory.recall
whats my dogs name,memory.recall
do you know where i work,memory.recall
remind me what i said about coffee,memory.recall
read back my preferences,memory.recall
what facts do you hold on me,memory.recall
show my profile,memory.recall
any notes about me,memory.recall
what did i ask you to remember,memory.recall
my saved info please,memory.recall
forget my address,memory.forget
delete the note about my dog,memory.forget
clear my stored preferences,memory.forget
remove what you know about my job,memory.forget
erase everything about me,memory.forget
drop that memory,memory.forget
unsave my nickname,memory.forget
wipe my profile,memory.forget
forget what i told you yesterday,memory.forget
delete my saved city,memory.forget
help me plan a trip to japan,task.plan
outline steps to start a blog,task.plan
build me a workout schedule,task.plan
organise my move to a new flat,task.plan
draft a plan for launching a podcast,task.plan
how should i approach learning to cook,task.plan
make a checklist for a house party,task.plan
structure my revision for finals,task.plan
plan a product launch timeline,task.plan
break down writing a dissertation,task.plan
give me a roadmap for becoming a designer,task.plan
help me schedule my month,task.plan
sketch out a plan to save money,task.plan
steps to organise a charity run,task.plan
write a function to sort a dictionary by value,task.code
how do i read a csv in python,task.code
fix my off by one error in this loop,task.code
explain this traceback to me,task.code
generate a sql query for top customers,task.code
refactor this into smaller functions,task.code
write a bash script to back up a folder,task.code
why does my async function return none,task.code
create a react component for a modal,task.code
help me write a unit test for this class,task.code
convert this javascript to typescript,task.code
optimise this nested loop,task.code
write a regex to match phone numbers,task.code
debug my api call that returns 401,task.code
whats wrong with my function,task.code
whats wrong with my sql query,task.code
whats broken in my code,task.code
why is my loop not terminating,task.code
why does my script crash on startup,task.code
find the bug in my class,task.code
review my implementation for mistakes,task.code
my regex isnt matching what did i do wrong,task.code
whats the issue with my import statement,task.code
my test keeps failing can you look,task.code
why is my variable undefined here,task.code
spot the error in my snippet,task.code
write a business proposal for a bakery,doc.write
draft a leave application,doc.write
compose a project summary document,doc.write
create a one page brief on solar energy,doc.write
write meeting notes from these points,doc.write
prepare a formal complaint letter,doc.write
draft a press release for our app,doc.write
write an executive summary,doc.write
produce a technical spec for the api,doc.write
make me a case study outline,doc.write
write a scholarship application essay,doc.write
summarise this document,doc.read
what are the main points of this file,doc.read
read the attached report,doc.read
extract the tables from this pdf,doc.read
give me a tldr of this paper,doc.read
pull the dates out of this contract,doc.read
what does the attachment contain,doc.read
review this document for me,doc.read
find the conclusion in this pdf,doc.read
condense this file into bullets,doc.read
whats in this attached document,doc.read
whats inside this pdf,doc.read
whats in the attached file,doc.read
tell me whats in this docx,doc.read
open the attached pdf and explain it,doc.read
go through this attachment for me,doc.read
what does this spreadsheet contain,doc.read
check the attached report and summarise,doc.read
what does this image show,vision.analyze
identify the object in this photo,vision.analyze
transcribe the text in this screenshot,vision.analyze
how many people are in this picture,vision.analyze
what colour is the car in this image,vision.analyze
explain this diagram,vision.analyze
read this handwritten note,vision.analyze
is there a dog in this photo,vision.analyze
analyse this graph image,vision.analyze
whats written on this sign,vision.analyze
caption this picture for me,vision.analyze
search the internet for hotel deals,web.browse
google the best laptops of this year,web.browse
find sources on renewable energy costs,web.browse
look up the wikipedia page for saturn,web.browse
research electric car prices,web.browse
browse for reviews of this restaurant,web.browse
check online what time the shop closes,web.browse
find the official docs for fastapi,web.browse
search for tutorials on woodworking,web.browse
get me articles about sleep science,web.browse
read this website and tell me the gist,web.browse
look on the web for flight prices,web.browse
look online for reviews of a laptop,web.browse
look online for the cheapest deal,web.browse
search online for phone comparisons,web.browse
find reviews of this camera on the web,web.browse
check the web for customer ratings,web.browse
look up product reviews,web.browse
search the web for benchmark results,web.browse
find online opinions about this brand,web.browse
fetch this page and summarise,web.browse
grab that page and give me the gist,web.browse
pull up this link and condense it,web.browse
open this url and summarise the content,web.browse
read that article and shorten it,web.browse
scrape this page for the key points,web.browse
fetch the page contents,web.browse
get this webpage and explain it,web.browse
write an email to hr about my payslip,email.draft
draft a follow up message to a recruiter,email.draft
compose a polite decline to an invitation,email.draft
email my landlord about a repair,email.draft
write a reminder email to the team,email.draft
draft an apology email to a customer,email.draft
prepare an introduction email to a client,email.draft
write a resignation email,email.draft
compose an email requesting a refund,email.draft
draft a message asking for feedback,email.draft
